Tool Name,Link,Description
Sylva Identity Discovery (T),https://sylva.pfeister.dev/,OSINT resource under:  / OSINT Framework / Username / Username Search Engines
Sherlock (T),https://github.com/sherlock-project/sherlock,OSINT resource under:  / OSINT Framework / Username / Username Search Engines
WhatsMyName,https://whatsmyname.app/,OSINT resource under:  / OSINT Framework / Username / Username Search Engines
Namechk,https://namechk.com/,OSINT resource under:  / OSINT Framework / Username / Username Search Engines
UserSearch.org,https://usersearch.org/,OSINT resource under:  / OSINT Framework / Username / Username Search Engines
WhatsMyName (T),https://github.com/WebBreacher/WhatsMyName,OSINT resource under:  / OSINT Framework / Username / Username Search Engines
WhatsMyName,https://whatsmyname.app/,OSINT resource under:  / OSINT Framework / Username / Username Search Engines
Thats Them,https://thatsthem.com/,OSINT resource under:  / OSINT Framework / Username / Username Search Engines
NameCheckup,https://namecheckup.com/,OSINT resource under:  / OSINT Framework / Username / Username Search Engines
Instant Username Search,https://instantusername.com/,OSINT resource under:  / OSINT Framework / Username / Username Search Engines
IDCrawl Username Search,https://www.idcrawl.com/username,OSINT resource under:  / OSINT Framework / Username / Username Search Engines
Names Directory,https://namesdir.com/,OSINT resource under:  / OSINT Framework / Username / Username Search Engines
Amazon Usernames (M),https://www.google.com/search?q=site:amazon.com+%3Cusername%3E,OSINT resource under:  / OSINT Framework / Username / Specific Sites
Github User (M),https://api.github.com/users/%3Cusername%3E/events/public,OSINT resource under:  / OSINT Framework / Username / Specific Sites
Tinder Usernames (M),https://www.gotinder.com/@%3Cusername%3E,OSINT resource under:  / OSINT Framework / Username / Specific Sites
Keybase,https://keybase.io/,OSINT resource under:  / OSINT Framework / Username / Specific Sites
MIT PGP Key Server,http://pgp.mit.edu/,OSINT resource under:  / OSINT Framework / Username / Specific Sites
Sylva Identity Discovery (T),https://sylva.pfeister.dev/,OSINT resource under:  / OSINT Framework / Email Address / Email Search
ThatsThem,https://thatsthem.com/reverse-email-lookup,OSINT resource under:  / OSINT Framework / Email Address / Email Search
Hunter,https://hunter.io/,OSINT resource under:  / OSINT Framework / Email Address / Email Search
Email to Address (R),http://www.melissadata.com/lookups/emails.asp,OSINT resource under:  / OSINT Framework / Email Address / Email Search
VoilaNorbert,https://www.voilanorbert.com/,OSINT resource under:  / OSINT Framework / Email Address / Email Search
GHunt (T),https://github.com/mxrch/GHunt,OSINT resource under:  / OSINT Framework / Email Address / Email Search
OSINT Industries,https://osint.industries/,OSINT resource under:  / OSINT Framework / Email Address / Email Search
theHarvester (T),https://github.com/laramies/theHarvester,OSINT resource under:  / OSINT Framework / Email Address / Email Search
Infoga (T),https://github.com/m4ll0k/infoga,OSINT resource under:  / OSINT Framework / Email Address / Email Search
Skymem,http://www.skymem.info/,OSINT resource under:  / OSINT Framework / Email Address / Email Search
Epieos,https://epieos.com/,OSINT resource under:  / OSINT Framework / Email Address / Email Search
Email Format,https://www.email-format.com/,OSINT resource under:  / OSINT Framework / Email Address / Common Email Formats
Email Permutator,http://metricsparrow.com/toolkit/email-permutator/,OSINT resource under:  / OSINT Framework / Email Address / Common Email Formats
OneLook Reverse Dictionary and Thesaurus,http://www.onelook.com/reverse-dictionary.shtml,OSINT resource under:  / OSINT Framework / Email Address / Common Email Formats
Reacher Github (T),https://github.com/reacherhq/check-if-email-exists,OSINT resource under:  / OSINT Framework / Email Address / Email Verification
Reacher Demo,https://reacher.email,OSINT resource under:  / OSINT Framework / Email Address / Email Verification
MailScrap,https://mailscrap.com/,OSINT resource under:  / OSINT Framework / Email Address / Email Verification
Read Notify,http://www.readnotify.com/,OSINT resource under:  / OSINT Framework / Email Address / Email Verification
Email Reputation,https://emailrep.io/,OSINT resource under:  / OSINT Framework / Email Address / Email Verification
MailboxValidator,https://www.mailboxvalidator.com/demo,OSINT resource under:  / OSINT Framework / Email Address / Email Verification
Have I been pwned?,https://haveibeenpwned.com/,OSINT resource under:  / OSINT Framework / Email Address / Breach Data
Hudson Rock,https://www.hudsonrock.com/threat-intelligence-cybercrime-tools,OSINT resource under:  / OSINT Framework / Email Address / Breach Data
DeHashed (R),https://dehashed.com/,OSINT resource under:  / OSINT Framework / Email Address / Breach Data
Vigilante.pw,https://www.vigilante.pw/,OSINT resource under:  / OSINT Framework / Email Address / Breach Data
Ashley Madison Emails,https://ashley.cynic.al/,OSINT resource under:  / OSINT Framework / Email Address / Breach Data
MxToolbox,http://mxtoolbox.com/,OSINT resource under:  / OSINT Framework / Email Address / Mail Blacklists
Domain Dossier,http://centralops.net/co/DomainDossier.aspx,OSINT resource under:  / OSINT Framework / Domain Name / Whois Records
domainIQ,https://www.domainiq.com/,OSINT resource under:  / OSINT Framework / Domain Name / Whois Records
DomainTools Whois,http://whois.domaintools.com/,OSINT resource under:  / OSINT Framework / Domain Name / Whois Records
Domain Big Data,http://domainbigdata.com/,OSINT resource under:  / OSINT Framework / Domain Name / Whois Records
Whoisology,https://whoisology.com/#advanced,OSINT resource under:  / OSINT Framework / Domain Name / Whois Records
Whois ARIN,https://whois.arin.net/ui/advanced.jsp,OSINT resource under:  / OSINT Framework / Domain Name / Whois Records
DNSstuff,https://tools.dnsstuff.com/,OSINT resource under:  / OSINT Framework / Domain Name / Whois Records
Robtex (R),https://www.robtex.com/,OSINT resource under:  / OSINT Framework / Domain Name / Whois Records
Domaincrawler.com,http://www.domaincrawler.com/,OSINT resource under:  / OSINT Framework / Domain Name / Whois Records
MarkMonitor Whois Search,https://domains.markmonitor.com/whois/,OSINT resource under:  / OSINT Framework / Domain Name / Whois Records
easyWhois,https://www.easywhois.com/,OSINT resource under:  / OSINT Framework / Domain Name / Whois Records
Website Informer,http://website.informer.com/,OSINT resource under:  / OSINT Framework / Domain Name / Whois Records
Who.is,https://who.is/,OSINT resource under:  / OSINT Framework / Domain Name / Whois Records
Whois AMPed,https://whoisamped.com/,OSINT resource under:  / OSINT Framework / Domain Name / Whois Records
ViewDNS.info,http://viewdns.info/,OSINT resource under:  / OSINT Framework / Domain Name / Whois Records
Daily DNS Changes,http://www.dailychanges.com/,OSINT resource under:  / OSINT Framework / Domain Name / Whois Records
IP2WHOIS,https://www.ip2whois.com,OSINT resource under:  / OSINT Framework / Domain Name / Whois Records
Netlas.io,https://app.netlas.io/whois_domains/,OSINT resource under:  / OSINT Framework / Domain Name / Whois Records
SynapsInt,https://synapsint.com,OSINT resource under:  / OSINT Framework / Domain Name / Subdomains
Aquatone (T),https://github.com/michenriksen/aquatone,OSINT resource under:  / OSINT Framework / Domain Name / Subdomains
FindSubDomains,https://findsubdomains.com/,OSINT resource under:  / OSINT Framework / Domain Name / Subdomains
Google Subdomains (D),https://www.google.com/?gws_rd=ssl#q=site:%3Cdomain.com%3E,OSINT resource under:  / OSINT Framework / Domain Name / Subdomains
Recon-ng (T),https://github.com/lanmaster53/recon-ng,OSINT resource under:  / OSINT Framework / Domain Name / Subdomains
XRay,https://github.com/evilsocket/xray,OSINT resource under:  / OSINT Framework / Domain Name / Subdomains
DNS Recon (T),https://github.com/darkoperator/dnsrecon,OSINT resource under:  / OSINT Framework / Domain Name / Subdomains
Gobuster (T),https://github.com/OJ/gobuster,OSINT resource under:  / OSINT Framework / Domain Name / Subdomains
Fierce Domain Scanner (T),https://github.com/davidpepper/fierce-domain-scanner,OSINT resource under:  / OSINT Framework / Domain Name / Subdomains
Bluto (T),https://github.com/darryllane/Bluto,OSINT resource under:  / OSINT Framework / Domain Name / Subdomains
OWASP Maryam (T),https://github.com/saeeddhqan/Maryam,OSINT resource under:  / OSINT Framework / Domain Name / Subdomains
theHarvester (T),https://github.com/laramies/theHarvester,OSINT resource under:  / OSINT Framework / Domain Name / Subdomains
Pentest-tools.com Subdomains,https://pentest-tools.com/information-gathering/find-subdomains-of-domain,OSINT resource under:  / OSINT Framework / Domain Name / Subdomains
SecLists DNS Subdomains (T),https://github.com/danielmiessler/SecLists/tree/master/Discovery/DNS,OSINT resource under:  / OSINT Framework / Domain Name / Subdomains
dnspop (T),https://github.com/bitquark/dnspop,OSINT resource under:  / OSINT Framework / Domain Name / Subdomains
gdns (T),https://github.com/hrbrmstr/gdns,OSINT resource under:  / OSINT Framework / Domain Name / Subdomains
assetnote (T),https://github.com/infosec-au/assetnote,OSINT resource under:  / OSINT Framework / Domain Name / Subdomains
Sublist3r,https://github.com/aboul3la/Sublist3r,OSINT resource under:  / OSINT Framework / Domain Name / Subdomains
AltDNS (T),https://github.com/infosec-au/altdns,OSINT resource under:  / OSINT Framework / Domain Name / Subdomains
Netlas.io,https://app.netlas.io/domains/,OSINT resource under:  / OSINT Framework / Domain Name / Subdomains
Shodan,https://www.shodan.io/,OSINT resource under:  / OSINT Framework / Domain Name / Discovery
Netlas.io,https://app.netlas.io/,OSINT resource under:  / OSINT Framework / Domain Name / Discovery
ODIN (R),https://www.getodin.com/,OSINT resource under:  / OSINT Framework / Domain Name / Discovery
Kraken,https://github.com/Sw4mpf0x/Kraken,OSINT resource under:  / OSINT Framework / Domain Name / Discovery
Online Nikto scanner,https://nikto.online/,OSINT resource under:  / OSINT Framework / Domain Name / Discovery
urlscan.io,https://urlscan.io/search/#*,OSINT resource under:  / OSINT Framework / Domain Name / Discovery
Daily DNS Changes,http://www.dailychanges.com/,OSINT resource under:  / OSINT Framework / Domain Name / Discovery
SameID,http://sameid.net/,OSINT resource under:  / OSINT Framework / Domain Name / Discovery
Redirect Detective,http://redirectdetective.com/,OSINT resource under:  / OSINT Framework / Domain Name / Discovery
Sitediff,https://github.com/digininja/sitediff,OSINT resource under:  / OSINT Framework / Domain Name / Discovery
AnalyzeID,http://analyzeid.com/,OSINT resource under:  / OSINT Framework / Domain Name / Discovery
urlDNA,https://urldna.io,OSINT resource under:  / OSINT Framework / Domain Name / Discovery
Google's Certificate Transparency,https://www.certificate-transparency.org/known-logs,OSINT resource under:  / OSINT Framework / Domain Name / Certificate Search
Spyse,https://spyse.com/search/certificate,OSINT resource under:  / OSINT Framework / Domain Name / Certificate Search
Censys,https://censys.io/,OSINT resource under:  / OSINT Framework / Domain Name / Certificate Search
crt.sh - Certificate Search,https://crt.sh/?,OSINT resource under:  / OSINT Framework / Domain Name / Certificate Search
certgraph (T),https://github.com/lanrat/certgraph,OSINT resource under:  / OSINT Framework / Domain Name / Certificate Search
ODIN (R),https://www.getodin.com/,OSINT resource under:  / OSINT Framework / Domain Name / Certificate Search
Netlas.io,https://app.netlas.io/certs/,OSINT resource under:  / OSINT Framework / Domain Name / Certificate Search
Security Trails,https://securitytrails.com/,OSINT resource under:  / OSINT Framework / Domain Name / PassiveDNS
Mnemonic,http://passivedns.mnemonic.no/,OSINT resource under:  / OSINT Framework / Domain Name / PassiveDNS
DNS History,http://dnshistory.org/,OSINT resource under:  / OSINT Framework / Domain Name / PassiveDNS
PTRarchive.com,http://ptrarchive.com/,OSINT resource under:  / OSINT Framework / Domain Name / PassiveDNS
DNS Dumpster,https://dnsdumpster.com/,OSINT resource under:  / OSINT Framework / Domain Name / PassiveDNS
Deteque (R),https://www.deteque.com/,OSINT resource under:  / OSINT Framework / Domain Name / PassiveDNS
AbuseIPDB (Webpage and API),https://www.abuseipdb.com/,OSINT resource under:  / OSINT Framework / Domain Name / Reputation
UrlQuery.net,http://urlquery.net/,OSINT resource under:  / OSINT Framework / Domain Name / Reputation
PassiveTotal,https://www.passivetotal.org/,OSINT resource under:  / OSINT Framework / Domain Name / Reputation
URL Void,http://www.urlvoid.com/,OSINT resource under:  / OSINT Framework / Domain Name / Reputation
Threat Crowd,https://www.threatcrowd.org/,OSINT resource under:  / OSINT Framework / Domain Name / Reputation
FortiGuard Reputation Service,http://fortiguard.com/iprep,OSINT resource under:  / OSINT Framework / Domain Name / Reputation
McAfee TrustedSource,http://www.trustedsource.org/,OSINT resource under:  / OSINT Framework / Domain Name / Reputation
Trend Micro Site Safety Center,https://global.sitesafety.trendmicro.com/,OSINT resource under:  / OSINT Framework / Domain Name / Reputation
WatchGuard ReputationAuthority,http://www.reputationauthority.org/,OSINT resource under:  / OSINT Framework / Domain Name / Reputation
Sucuri SiteCheck,https://sitecheck.sucuri.net/,OSINT resource under:  / OSINT Framework / Domain Name / Reputation
ThreatMiner.org,https://www.threatminer.org/,OSINT resource under:  / OSINT Framework / Domain Name / Reputation
BlueCoat WebPulse,https://sitereview.bluecoat.com/sitereview.jsp,OSINT resource under:  / OSINT Framework / Domain Name / Reputation
Zscaler Zulu URL Risk Analyzer,http://zulu.zscaler.com/,OSINT resource under:  / OSINT Framework / Domain Name / Reputation
Joe Sandbox Url Analyzer,https://www.url-analyzer.net/,OSINT resource under:  / OSINT Framework / Domain Name / Reputation
Deepviz Domain Search,https://search.deepviz.com/,OSINT resource under:  / OSINT Framework / Domain Name / Reputation
Cisco SenderBase,http://www.senderbase.org/,OSINT resource under:  / OSINT Framework / Domain Name / Reputation
AVG Threat Labs,http://www.avgthreatlabs.com/ww-en/website-safety-reports/,OSINT resource under:  / OSINT Framework / Domain Name / Reputation
Webroot BrightCloud URL/IP Lookup,http://www.brightcloud.com/tools/url-ip-lookup.php,OSINT resource under:  / OSINT Framework / Domain Name / Reputation
vURL Online,https://vurldissect.co.uk/,OSINT resource under:  / OSINT Framework / Domain Name / Reputation
AlienVault Open Threat Exchange,https://otx.alienvault.com/browse/pulses/,OSINT resource under:  / OSINT Framework / Domain Name / Reputation
Malware Domain List,http://www.malwaredomainlist.com/mdl.php,OSINT resource under:  / OSINT Framework / Domain Name / Reputation
Web Inspector Online Scan,http://app.webinspector.com/,OSINT resource under:  / OSINT Framework / Domain Name / Reputation
Google Safe Browsing API,https://developers.google.com/safe-browsing/?csw=1,OSINT resource under:  / OSINT Framework / Domain Name / Reputation
hpHosts Online,http://hosts-file.net/,OSINT resource under:  / OSINT Framework / Domain Name / Reputation
Ransomware Tracker Abuse.ch,http://ransomwaretracker.abuse.ch/downloads/RW_DOMBL.txt,OSINT resource under:  / OSINT Framework / Domain Name / Domain Blacklists
Threatexpert.com Malicious URLs,http://www.networksec.org/grabbho/block.txt,OSINT resource under:  / OSINT Framework / Domain Name / Domain Blacklists
Zeus C2 Tracker,https://zeustracker.abuse.ch/blocklist.php?download=domainblocklist,OSINT resource under:  / OSINT Framework / Domain Name / Domain Blacklists
Malware Domains Blacklist,http://mirror1.malwaredomains.com/files/domains.txt,OSINT resource under:  / OSINT Framework / Domain Name / Domain Blacklists
Blackweb,https://github.com/maravento/blackweb,OSINT resource under:  / OSINT Framework / Domain Name / Domain Blacklists
Critical Stack Intel (R),https://intel.criticalstack.com/,OSINT resource under:  / OSINT Framework / Domain Name / Domain Blacklists
DNS Sinkhole,http://malc0de.com/bl/,OSINT resource under:  / OSINT Framework / Domain Name / Domain Blacklists
DNS-BH Malware Domain Blocklist,http://www.malwaredomains.com/wordpress/?page_id=66,OSINT resource under:  / OSINT Framework / Domain Name / Domain Blacklists
Malware Domain List,http://www.malwaredomainlist.com/hostslist/hosts.txt,OSINT resource under:  / OSINT Framework / Domain Name / Domain Blacklists
Malware Patrol (R),http://www.malware.com.br/open-source.shtml,OSINT resource under:  / OSINT Framework / Domain Name / Domain Blacklists
MalwareURL (R),http://www.malwareurl.com/index.php,OSINT resource under:  / OSINT Framework / Domain Name / Domain Blacklists
scumware.org,https://www.scumware.org/,OSINT resource under:  / OSINT Framework / Domain Name / Domain Blacklists
ZeuS Tracker,https://zeustracker.abuse.ch/blocklist.php,OSINT resource under:  / OSINT Framework / Domain Name / Domain Blacklists
Shadowserver Foundation,http://www.shadowserver.org/wiki/pmwiki.php?n=Services/Reports,OSINT resource under:  / OSINT Framework / Domain Name / Domain Blacklists
Email Domain Validation,https://www.mailboxvalidator.com/domain,OSINT resource under:  / OSINT Framework / Domain Name / Domain Blacklists
DNS Twist (T),https://github.com/elceef/dnstwist,OSINT resource under:  / OSINT Framework / Domain Name / Typosquatting
URLCrazy (T),http://www.morningstarsecurity.com/research/urlcrazy,OSINT resource under:  / OSINT Framework / Domain Name / Typosquatting
dnstwister,https://dnstwister.report/,OSINT resource under:  / OSINT Framework / Domain Name / Typosquatting
Catphish (T),https://github.com/ring0lab/catphish,OSINT resource under:  / OSINT Framework / Domain Name / Typosquatting
BuiltWith,http://builtwith.com/,OSINT resource under:  / OSINT Framework / Domain Name / Analytics
SiteSleuth,https://www.sitesleuth.io/,OSINT resource under:  / OSINT Framework / Domain Name / Analytics
Wappalyzer (T),https://wappalyzer.com/,OSINT resource under:  / OSINT Framework / Domain Name / Analytics
SEMrush,https://www.semrush.com/,OSINT resource under:  / OSINT Framework / Domain Name / Analytics
TopGainers,https://topgainers.net/,OSINT resource under:  / OSINT Framework / Domain Name / Analytics
Moonsearch,http://moonsearch.com/,OSINT resource under:  / OSINT Framework / Domain Name / Analytics
StackShare,https://stackshare.io/,OSINT resource under:  / OSINT Framework / Domain Name / Analytics
Ewhois,https://ewhois.com/,OSINT resource under:  / OSINT Framework / Domain Name / Analytics
Netcraft,http://toolbar.netcraft.com/site_report?url=undefined#last_reboot,OSINT resource under:  / OSINT Framework / Domain Name / Analytics
StatsCrop,http://www.statscrop.com/,OSINT resource under:  / OSINT Framework / Domain Name / Analytics
Open Site Explorer,https://moz.com/researchtools/ose/,OSINT resource under:  / OSINT Framework / Domain Name / Analytics
SpyOnWeb,http://www.spyonweb.com/,OSINT resource under:  / OSINT Framework / Domain Name / Analytics
SecurityHeaders.io,https://securityheaders.io/,OSINT resource under:  / OSINT Framework / Domain Name / Analytics
Keyword Density,http://tools.seobook.com/general/keyword-density/,OSINT resource under:  / OSINT Framework / Domain Name / Analytics
Alexa Site Statistics,http://www.alexa.com/siteinfo,OSINT resource under:  / OSINT Framework / Domain Name / Analytics
Cisco Umbrella Popularity List,http://s3-us-west-1.amazonaws.com/umbrella-static/index.html,OSINT resource under:  / OSINT Framework / Domain Name / Analytics
Alexa Top 500 Global Sites,http://www.alexa.com/topsites,OSINT resource under:  / OSINT Framework / Domain Name / Analytics
W3bin.com,https://w3bin.com/,OSINT resource under:  / OSINT Framework / Domain Name / Analytics
Sitedossier,http://www.sitedossier.com/,OSINT resource under:  / OSINT Framework / Domain Name / Analytics
Visual Site Mapper,http://www.visualsitemapper.com/,OSINT resource under:  / OSINT Framework / Domain Name / Analytics
ClearWebStats.com,https://www.clearwebstats.com/,OSINT resource under:  / OSINT Framework / Domain Name / Analytics
PubDB,http://pub-db.com/,OSINT resource under:  / OSINT Framework / Domain Name / Analytics
WWW Domain Tools,https://w3dt.net/,OSINT resource under:  / OSINT Framework / Domain Name / Analytics
SimilarWeb,https://www.similarweb.com/,OSINT resource under:  / OSINT Framework / Domain Name / Analytics
Website Outlook,http://websiteoutlook.com/,OSINT resource under:  / OSINT Framework / Domain Name / Analytics
Siteliner,http://siteliner.com/,OSINT resource under:  / OSINT Framework / Domain Name / Analytics
WebPagetest,https://www.webpagetest.org/,OSINT resource under:  / OSINT Framework / Domain Name / Analytics
WhatWeb,https://github.com/urbanadventurer/WhatWeb,OSINT resource under:  / OSINT Framework / Domain Name / Analytics
Link Expander,http://www.linkexpander.com/,OSINT resource under:  / OSINT Framework / Domain Name / URL Expanders
GetLinkInfo,http://www.getlinkinfo.com/,OSINT resource under:  / OSINT Framework / Domain Name / URL Expanders
CheckShortURL,http://checkshorturl.com/,OSINT resource under:  / OSINT Framework / Domain Name / URL Expanders
Lengthen Me,https://lengthen.me/,OSINT resource under:  / OSINT Framework / Domain Name / URL Expanders
URL Expander,http://urlex.org/,OSINT resource under:  / OSINT Framework / Domain Name / URL Expanders
URL Unshortener,http://www.urlunshortener.com/,OSINT resource under:  / OSINT Framework / Domain Name / URL Expanders
Where Does This Link Go?,http://wheredoesthislinkgo.com/,OSINT resource under:  / OSINT Framework / Domain Name / URL Expanders
KnowURL,http://www.knowurl.com/,OSINT resource under:  / OSINT Framework / Domain Name / URL Expanders
VisualPing,http://visualping.io/,OSINT resource under:  / OSINT Framework / Domain Name / Change Detection
Change Detection,http://www.changedetection.com/,OSINT resource under:  / OSINT Framework / Domain Name / Change Detection
Check site availability Online,https://upcheck.online/,OSINT resource under:  / OSINT Framework / Domain Name / Change Detection
Follow That Page,https://www.followthatpage.com/,OSINT resource under:  / OSINT Framework / Domain Name / Change Detection
Urlwatch,https://github.com/thp/urlwatch,OSINT resource under:  / OSINT Framework / Domain Name / Change Detection
WatchThatPage,http://watchthatpage.com/,OSINT resource under:  / OSINT Framework / Domain Name / Change Detection
ChangeDetect,http://www.changedetect.com/,OSINT resource under:  / OSINT Framework / Domain Name / Change Detection
Google Trends,https://www.google.com/trends/,OSINT resource under:  / OSINT Framework / Domain Name / Social Analysis
Reddit (M),https://www.reddit.com/domain/%3CURLhere%3E,OSINT resource under:  / OSINT Framework / Domain Name / Social Analysis
DNSSEC Analyzer,http://dnssec-debugger.verisignlabs.com/,OSINT resource under:  / OSINT Framework / Domain Name / DNSSEC
DNSViz,http://dnsviz.net/,OSINT resource under:  / OSINT Framework / Domain Name / DNSSEC
Public Buckets,https://buckets.grayhatwarfare.com/,OSINT resource under:  / OSINT Framework / Domain Name / Cloud Resources
Online Port scanner,https://portscanner.online/,OSINT resource under:  / OSINT Framework / Domain Name / Cloud Resources
CloudScraper (T),https://github.com/jordanpotti/cloudscraper,OSINT resource under:  / OSINT Framework / Domain Name / Cloud Resources
Check site availability Online,https://upcheck.online/,OSINT resource under:  / OSINT Framework / Domain Name / Cloud Resources
Sn1per (T),https://github.com/1N3/Sn1per,OSINT resource under:  / OSINT Framework / Domain Name / Vulnerabilities / Scanners
Online Nikto scanner,https://nikto.online/,OSINT resource under:  / OSINT Framework / Domain Name / Vulnerabilities / Scanners
XSSposed.org,https://www.xssposed.org/,OSINT resource under:  / OSINT Framework / Domain Name / Vulnerabilities / Disclosure Sites
Zone-H.org,http://zone-h.org/archive,OSINT resource under:  / OSINT Framework / Domain Name / Vulnerabilities / Disclosure Sites
RobotsDisallowed,https://github.com/danielmiessler/RobotsDisallowed,OSINT resource under:  / OSINT Framework / Domain Name / Vulnerabilities
Belati (T),https://github.com/aancw/Belati,OSINT resource under:  / OSINT Framework / Domain Name / Tools
BlackWidow (T),https://softbytelabs.com/wp/blackwidow/,OSINT resource under:  / OSINT Framework / Domain Name / Tools
Burp Suite (T),https://portswigger.net/burp/,OSINT resource under:  / OSINT Framework / Domain Name / Tools
EyeWitness (T),https://github.com/ChrisTruncer/EyeWitness,OSINT resource under:  / OSINT Framework / Domain Name / Tools
IntelliTamper (T),http://www.softpedia.com/get/Internet/Other-Internet-Related/IntelliTamper.shtml,OSINT resource under:  / OSINT Framework / Domain Name / Tools
Hunting-New-Registered-Domains (T),https://github.com/gfek/Hunting-New-Registered-Domains,OSINT resource under:  / OSINT Framework / Domain Name / Tools
International Domain Name Conversion Tool,http://mct.verisign-grs.com/,OSINT resource under:  / OSINT Framework / Domain Name / Tools
Online Nikto scanner,https://nikto.online/,OSINT resource under:  / OSINT Framework / Domain Name / Tools
Microsoft,https://www.microsoft.com/en-us/wdsi/support/report-unsafe-site-guest,OSINT resource under:  / OSINT Framework / Domain Name / Report Malicious Sites
Google,https://safebrowsing.google.com/safebrowsing/report_phish/?hl=en,OSINT resource under:  / OSINT Framework / Domain Name / Report Malicious Sites
MaxMind Demo,https://www.maxmind.com/en/home,OSINT resource under:  / OSINT Framework / IP & MAC Address / Geolocation
IPv4/IPv6 lists by country code,http://ipverse.net/,OSINT resource under:  / OSINT Framework / IP & MAC Address / Geolocation
IP2Location.com,https://www.ip2location.com/demo,OSINT resource under:  / OSINT Framework / IP & MAC Address / Geolocation
IP Fingerprints,http://www.ipfingerprints.com/,OSINT resource under:  / OSINT Framework / IP & MAC Address / Geolocation
DB-IP,https://db-ip.com/,OSINT resource under:  / OSINT Framework / IP & MAC Address / Geolocation
IP Location Finder,https://www.iplocation.net/,OSINT resource under:  / OSINT Framework / IP & MAC Address / Geolocation
Info Sniper,http://www.infosniper.net/,OSINT resource under:  / OSINT Framework / IP & MAC Address / Geolocation
utrace,http://en.utrace.de/,OSINT resource under:  / OSINT Framework / IP & MAC Address / Geolocation
InfobyIP.com,https://www.infobyip.com/,OSINT resource under:  / OSINT Framework / IP & MAC Address / Geolocation
ipTRACKERonline,https://www.iptrackeronline.com/,OSINT resource under:  / OSINT Framework / IP & MAC Address / Geolocation
My IP Address,https://www.ipaddress.my/,OSINT resource under:  / OSINT Framework / IP & MAC Address / Geolocation
urlscan.io,https://urlscan.io/search/#*,OSINT resource under:  / OSINT Framework / IP & MAC Address / Host / Port Discovery
Spyse,https://spyse.com/search/ip,OSINT resource under:  / OSINT Framework / IP & MAC Address / Host / Port Discovery
Shodan,https://www.shodan.io/,OSINT resource under:  / OSINT Framework / IP & MAC Address / Host / Port Discovery
Netlas.io,https://netlas.io/,OSINT resource under:  / OSINT Framework / IP & MAC Address / Host / Port Discovery
Portmap,https://portmap.com/,OSINT resource under:  / OSINT Framework / IP & MAC Address / Host / Port Discovery
Scans.io,https://scans.io/,OSINT resource under:  / OSINT Framework / IP & MAC Address / Host / Port Discovery
ZoomEye,https://www.zoomeye.org/,OSINT resource under:  / OSINT Framework / IP & MAC Address / Host / Port Discovery
Nmap (T),https://nmap.org/download.html,OSINT resource under:  / OSINT Framework / IP & MAC Address / Host / Port Discovery
Online Port scanner,https://portscanner.online/,OSINT resource under:  / OSINT Framework / IP & MAC Address / Host / Port Discovery
Internet Census Search,http://www.exfiltrated.com/querystart.php,OSINT resource under:  / OSINT Framework / IP & MAC Address / Host / Port Discovery
Criminal IP Search,https://www.criminalip.io/,OSINT resource under:  / OSINT Framework / IP & MAC Address / Host / Port Discovery
Scanless (T),https://github.com/vesche/scanless,OSINT resource under:  / OSINT Framework / IP & MAC Address / Host / Port Discovery
BinaryEdge (R),https://www.binaryedge.io/,OSINT resource under:  / OSINT Framework / IP & MAC Address / Host / Port Discovery
Masscan (T),https://github.com/robertdavidgraham/masscan,OSINT resource under:  / OSINT Framework / IP & MAC Address / Host / Port Discovery
ODIN (R),https://www.getodin.com/,OSINT resource under:  / OSINT Framework / IP & MAC Address / Host / Port Discovery
ASlookup.com,https://aslookup.com/,OSINT resource under:  / OSINT Framework / IP & MAC Address / IPv4
Port scanner Online,https://portscanner.online/,OSINT resource under:  / OSINT Framework / IP & MAC Address / IPv4
Onyphe,https://www.onyphe.io/,OSINT resource under:  / OSINT Framework / IP & MAC Address / IPv4
ODIN (R),https://www.getodin.com/,OSINT resource under:  / OSINT Framework / IP & MAC Address / IPv4
IPv4 CIDR Report,http://www.cidr-report.org/as2.0/,OSINT resource under:  / OSINT Framework / IP & MAC Address / IPv4
Reverse.report,https://reverse.report/,OSINT resource under:  / OSINT Framework / IP & MAC Address / IPv4
Team Cymru IP to ASN,https://asn.cymru.com/,OSINT resource under:  / OSINT Framework / IP & MAC Address / IPv4
IP to ASN DB,https://iptoasn.com/,OSINT resource under:  / OSINT Framework / IP & MAC Address / IPv4
Hacker Target - Reverse DNS,https://hackertarget.com/reverse-dns-lookup/,OSINT resource under:  / OSINT Framework / IP & MAC Address / IPv4
IPv6 CIDR Report,http://www.cidr-report.org/v6/as2.0/,OSINT resource under:  / OSINT Framework / IP & MAC Address / IPv6
Hurricane Electric BGP Toolkit,http://bgp.he.net/,OSINT resource under:  / OSINT Framework / IP & MAC Address / BGP
BGP Malicious Content Ranking,http://bgpranking.circl.lu/,OSINT resource under:  / OSINT Framework / IP & MAC Address / BGP
BGPStream,https://bgpstream.com/,OSINT resource under:  / OSINT Framework / IP & MAC Address / BGP
PeeringDB,https://www.peeringdb.com/advanced_search,OSINT resource under:  / OSINT Framework / IP & MAC Address / BGP
BGP Tools,http://www.bgp4.as/tools,OSINT resource under:  / OSINT Framework / IP & MAC Address / BGP
IP Void,http://www.ipvoid.com/,OSINT resource under:  / OSINT Framework / IP & MAC Address / Reputation
ExoneraTor,https://exonerator.torproject.org/,OSINT resource under:  / OSINT Framework / IP & MAC Address / Reputation
Grey Noise,https://viz.greynoise.io/,OSINT resource under:  / OSINT Framework / IP & MAC Address / Reputation
LiveIPMap IP Check,https://www.liveipmap.com/,OSINT resource under:  / OSINT Framework / IP & MAC Address / Reputation
Blocklist.de,http://www.blocklist.de/en/index.html,OSINT resource under:  / OSINT Framework / IP & MAC Address / Blacklists
DShield API,https://isc.sans.edu/api/,OSINT resource under:  / OSINT Framework / IP & MAC Address / Blacklists
FireHOL IP Lists,http://iplists.firehol.org/,OSINT resource under:  / OSINT Framework / IP & MAC Address / Blacklists
Project Honey Pot,http://www.projecthoneypot.org/list_of_ips.php,OSINT resource under:  / OSINT Framework / IP & MAC Address / Blacklists
AbuseIPDB,https://www.abuseipdb.com/,OSINT resource under:  / OSINT Framework / IP & MAC Address / Blacklists
IP Fingerprints - Reverse IP Lookup,http://www.ipfingerprints.com/reverseip.php,OSINT resource under:  / OSINT Framework / IP & MAC Address / Neighbor Domains
Bing IP Search (D),http://www.bing.com/search?q=ip%3A8.8.8.8,OSINT resource under:  / OSINT Framework / IP & MAC Address / Neighbor Domains
TCP/IP Utils - Domain Neighbors,http://www.tcpiputils.com/domain-neighbors,OSINT resource under:  / OSINT Framework / IP & MAC Address / Neighbor Domains
MyIPNeighbors,http://www.my-ip-neighbors.com/,OSINT resource under:  / OSINT Framework / IP & MAC Address / Neighbor Domains
CloudFlare Watch,http://www.crimeflare.com/,OSINT resource under:  / OSINT Framework / IP & MAC Address / Protected by Cloud Services
CloudFail (T),https://github.com/m0rtem/CloudFail,OSINT resource under:  / OSINT Framework / IP & MAC Address / Protected by Cloud Services
WiGLE: Wireless Network Mapping,https://wigle.net/,OSINT resource under:  / OSINT Framework / IP & MAC Address / Wireless Network Info
OpenCellid: Database of Cell Towers,https://opencellid.org/,OSINT resource under:  / OSINT Framework / IP & MAC Address / Wireless Network Info
Wireshark,https://www.wireshark.org/download.html,OSINT resource under:  / OSINT Framework / IP & MAC Address / Network Analysis Tools
NetworkMiner,https://www.netresec.com/?page=Networkminer,OSINT resource under:  / OSINT Framework / IP & MAC Address / Network Analysis Tools
Packet Total,http://www.packettotal.com/,OSINT resource under:  / OSINT Framework / IP & MAC Address / Network Analysis Tools
NetworkTotal,https://www.networktotal.com/,OSINT resource under:  / OSINT Framework / IP & MAC Address / Network Analysis Tools
Ki.tc,https://ki.tc,OSINT resource under:  / OSINT Framework / IP & MAC Address / IP Loggers
Grabify,https://grabify.link,OSINT resource under:  / OSINT Framework / IP & MAC Address / IP Loggers
IP Logger,https://iplogger.com/,OSINT resource under:  / OSINT Framework / IP & MAC Address / IP Loggers
Google Images,https://images.google.com/?gws_rd=ssl,OSINT resource under:  / OSINT Framework / Images / Videos / Docs / Images / Search
Bing Images,http://www.bing.com/images,OSINT resource under:  / OSINT Framework / Images / Videos / Docs / Images / Search
Yahoo Image Search,http://images.yahoo.com/,OSINT resource under:  / OSINT Framework / Images / Videos / Docs / Images / Search
TinEye Reverse Image Search,http://tineye.com/,OSINT resource under:  / OSINT Framework / Images / Videos / Docs / Images / Search
PimEyes Face Search Engine,https://pimeyes.com/en,OSINT resource under:  / OSINT Framework / Images / Videos / Docs / Images / Search
Yandex Images,https://www.yandex.com/images/,OSINT resource under:  / OSINT Framework / Images / Videos / Docs / Images / Search
Baidu Images,http://shitu.baidu.com/,OSINT resource under:  / OSINT Framework / Images / Videos / Docs / Images / Search
Twitter Image Search (M),https://twitter.com/search?q=%3Csearchterm%3E&src=typd&vertical=default&f=images,OSINT resource under:  / OSINT Framework / Images / Videos / Docs / Images / Search
Imgur Search,https://imgur.com/search,OSINT resource under:  / OSINT Framework / Images / Videos / Docs / Images / Search
Photobucket,http://photobucket.com/,OSINT resource under:  / OSINT Framework / Images / Videos / Docs / Images / Search
Karma Decay,http://karmadecay.com/,OSINT resource under:  / OSINT Framework / Images / Videos / Docs / Images / Search
Image Raider,https://www.imageraider.com/,OSINT resource under:  / OSINT Framework / Images / Videos / Docs / Images / Search
7Photos.net,http://7photos.net/,OSINT resource under:  / OSINT Framework / Images / Videos / Docs / Images / Search
Panoramio,http://www.panoramio.com/,OSINT resource under:  / OSINT Framework / Images / Videos / Docs / Images / Search
Current Location,http://current-location.com/,OSINT resource under:  / OSINT Framework / Images / Videos / Docs / Images / Search
Lakako Photo Search,http://www.lakako.com/,OSINT resource under:  / OSINT Framework / Images / Videos / Docs / Images / Search
CC Search,https://ccsearch.creativecommons.org/,OSINT resource under:  / OSINT Framework / Images / Videos / Docs / Images / Search
CamFind App,http://camfindapp.com/,OSINT resource under:  / OSINT Framework / Images / Videos / Docs / Images / Search
RevEye Reverse Image Search (T),https://chrome.google.com/webstore/detail/reveye-reverse-image-sear/keaaclcjhehbbapnphnmpiklalfhelgf?hl=en,OSINT resource under:  / OSINT Framework / Images / Videos / Docs / Images / Search
SmugMug Search,http://www.smugmug.com/search,OSINT resource under:  / OSINT Framework / Images / Videos / Docs / Images / Search
ImageNet,http://image-net.org/,OSINT resource under:  / OSINT Framework / Images / Videos / Docs / Images / Search
Places2,http://places2.csail.mit.edu/explore.html,OSINT resource under:  / OSINT Framework / Images / Videos / Docs / Images / Search
Image Identification Project,https://www.imageidentify.com/,OSINT resource under:  / OSINT Framework / Images / Videos / Docs / Images / Search
SauceNAO,https://saucenao.com/,OSINT resource under:  / OSINT Framework / Images / Videos / Docs / Images / Search
Picarta,https://picarta.ai/,OSINT resource under:  / OSINT Framework / Images / Videos / Docs / Images / Search
Webstigram,http://websta.me/search,OSINT resource under:  / OSINT Framework / Images / Videos / Docs / Images / Instagram
Instagram,https://www.instagram.com/,OSINT resource under:  / OSINT Framework / Images / Videos / Docs / Images / Instagram
Mini Instagram,http://mininsta.net/,OSINT resource under:  / OSINT Framework / Images / Videos / Docs / Images / Instagram
Imgrab,https://imgrab.com/,OSINT resource under:  / OSINT Framework / Images / Videos / Docs / Images / Instagram
Tofo.me,https://tofo.me/,OSINT resource under:  / OSINT Framework / Images / Videos / Docs / Images / Instagram
Flickr,https://www.flickr.com/,OSINT resource under:  / OSINT Framework / Images / Videos / Docs / Images / Flickr
Flickr Map,https://www.flickr.com/map/,OSINT resource under:  / OSINT Framework / Images / Videos / Docs / Images / Flickr
My Pics Map,http://www.mypicsmap.com/,OSINT resource under:  / OSINT Framework / Images / Videos / Docs / Images / Flickr
idGettr,http://idgettr.com/,OSINT resource under:  / OSINT Framework / Images / Videos / Docs / Images / Flickr
Flickr Hive Mind,http://flickrhivemind.net/,OSINT resource under:  / OSINT Framework / Images / Videos / Docs / Images / Flickr
ExifTool (T),http://www.sno.phy.queensu.ca/~phil/exiftool/,OSINT resource under:  / OSINT Framework / Images / Videos / Docs / Images / Metadata
ExifEditor,https://exifeditor.io,OSINT resource under:  / OSINT Framework / Images / Videos / Docs / Images / Metadata
Jeffrey's Exif Viewer,http://exif.regex.info/,OSINT resource under:  / OSINT Framework / Images / Videos / Docs / Images / Metadata
ExifViewer,http://www.exifviewer.org/,OSINT resource under:  / OSINT Framework / Images / Videos / Docs / Images / Metadata
Search by Exif,http://www.exif-search.com/,OSINT resource under:  / OSINT Framework / Images / Videos / Docs / Images / Metadata
ImgOps,http://imgops.com/,OSINT resource under:  / OSINT Framework / Images / Videos / Docs / Images / Metadata
Metapicz,http://metapicz.com/#landing,OSINT resource under:  / OSINT Framework / Images / Videos / Docs / Images / Metadata
JPEGsnoop (T),http://www.impulseadventure.com/photo/jpeg-snoop.html,OSINT resource under:  / OSINT Framework / Images / Videos / Docs / Images / Metadata
GeoSetter,http://www.geosetter.de/en/,OSINT resource under:  / OSINT Framework / Images / Videos / Docs / Images / Metadata
xeuledoc - Fetch metadata about any public Google document,https://github.com/Malfrats/xeuledoc,OSINT resource under:  / OSINT Framework / Images / Videos / Docs / Images / Metadata
FotoForensics,http://fotoforensics.com/,OSINT resource under:  / OSINT Framework / Images / Videos / Docs / Images / Forensics
Ghiro (T),https://github.com/ghirensics/ghiro,OSINT resource under:  / OSINT Framework / Images / Videos / Docs / Images / Forensics
Camera Trace,http://www.cameratrace.com/trace,OSINT resource under:  / OSINT Framework / Images / Videos / Docs / Images / Forensics
Online OCR,http://www.free-ocr.com/,OSINT resource under:  / OSINT Framework / Images / Videos / Docs / Images / OCR
i2OCR,http://www.i2ocr.com/,OSINT resource under:  / OSINT Framework / Images / Videos / Docs / Images / OCR
New OCR,https://www.newocr.com/,OSINT resource under:  / OSINT Framework / Images / Videos / Docs / Images / OCR
Online OCR,http://www.onlineocr.net/,OSINT resource under:  / OSINT Framework / Images / Videos / Docs / Images / OCR
Creepy (T),http://www.geocreepy.com/,OSINT resource under:  / OSINT Framework / Images / Videos / Docs / Images / Tools
Google Videos,https://www.google.com/videohp?gws_rd=ssl,OSINT resource under:  / OSINT Framework / Images / Videos / Docs / Videos / Search
Bing Videos,http://www.bing.com/videos,OSINT resource under:  / OSINT Framework / Images / Videos / Docs / Videos / Search
Vimeo Search,https://vimeo.com/search?,OSINT resource under:  / OSINT Framework / Images / Videos / Docs / Videos / Search
Internet Archive Videos,https://archive.org/details/opensource_movies,OSINT resource under:  / OSINT Framework / Images / Videos / Docs / Videos / Search
Vines (D),https://www.google.com/search?q=site:vine.co+%3Csearchterm%3E,OSINT resource under:  / OSINT Framework / Images / Videos / Docs / Videos / Search
Dogpile Web Search,http://www.dogpile.com/,OSINT resource under:  / OSINT Framework / Images / Videos / Docs / Videos / Search
Geo Search Tool,http://www.geosearchtool.com/,OSINT resource under:  / OSINT Framework / Images / Videos / Docs / Videos / Search
blinkx Video Search,http://www.blinkx.com/,OSINT resource under:  / OSINT Framework / Images / Videos / Docs / Videos / Search
Facebook Live Map,https://www.facebook.com/livemap#,OSINT resource under:  / OSINT Framework / Images / Videos / Docs / Videos / Search
LiveLeak,https://www.liveleak.com/,OSINT resource under:  / OSINT Framework / Images / Videos / Docs / Videos / Search
Metatube,http://www.metatube.com/,OSINT resource under:  / OSINT Framework / Images / Videos / Docs / Videos / Search
Yahoo Video Search,http://video.search.yahoo.com/,OSINT resource under:  / OSINT Framework / Images / Videos / Docs / Videos / Search
DetURL,http://deturl.com/,OSINT resource under:  / OSINT Framework / Images / Videos / Docs / Videos / Analyze / Record
Print YouTube StoryBoard Instructions,http://www.labnol.org/internet/print-youtube-video/28217/,OSINT resource under:  / OSINT Framework / Images / Videos / Docs / Videos / Analyze / Record
Print Storyboard from Youtube,"javascript:(function(){a=ytplayer.config.args.storyboard_spec;if(!a){alert(""Sorry we cannot process this YouTube video. Could you please try another one"");exit();}b=a.split(""|"");base=b[0].split(""$"")[0]+""2/M"";c=b[3].split(""%23"");sigh=c[c.length-1];var imgs="""";t=ytplayer.config.args.length_seconds;n=Math.ceil(c[2]/(c[3]*c[4]));for(i=0;i<n;i++){imgs+=""<PICTURE='""+base+i+"".jpg%3Fsigh=""+sigh+""'><br/>"";}var title=ytplayer.config.args.title;msg=""<body style='background-color:#444;color:#eee;margin:20px%20auto;width:90%;text-align:center'%3E%3Ch2%3ETITLE%3C/h2%3E%3Cdiv%3EIMAGES%3C/div%3E%3Cbr/%3E%3Cem%3E%3Ca%20href='http://labnol.org/?p=28217'%20style='text-decoration:none;color:#fff;font-style:bold'%3EPrinted%20using%20the%20YouTube%20bookmarklet.%3C/a%3E%3C/em%3E%3C/body%3E%22;msg=msg.replace(%22TITLE%22,title).replace(%22IMAGES%22,imgs).replace(/PICTURE/g,%22img%20src%22);var%20labnol=window.open();labnol.document.open();labnol.document.write(msg);labnol.document.close();})();",OSINT resource under:  / OSINT Framework / Images / Videos / Docs / Videos / Analyze / Record
Frame by Frame for YouTube (T),https://chrome.google.com/webstore/detail/frame-by-frame-for-youtub/elkadbdicdciddfkdpmaolomehalghio?hl=en-GB,OSINT resource under:  / OSINT Framework / Images / Videos / Docs / Videos / Analyze / Record
YouTube Metadata,http://www.amnestyusa.org/citizenevidence/,OSINT resource under:  / OSINT Framework / Images / Videos / Docs / Videos / Analyze / Record
TubeChop,http://www.tubechop.com/,OSINT resource under:  / OSINT Framework / Images / Videos / Docs / Videos / Analyze / Record
YouTube Data Tools,https://tools.digitalmethods.net/netvizz/youtube/,OSINT resource under:  / OSINT Framework / Images / Videos / Docs / Videos / Analyze / Record
Hooktube,https://hooktube.com/,OSINT resource under:  / OSINT Framework / Images / Videos / Docs / Videos / Analyze / Record
yasiv-youtube,https://yasiv.com/youtube,OSINT resource under:  / OSINT Framework / Images / Videos / Docs / Videos / Analyze / Record
SeeAllTheThings,https://github.com/baywolf88/seeallthethings,OSINT resource under:  / OSINT Framework / Images / Videos / Docs / Webcams
Insecam,http://insecam.org/,OSINT resource under:  / OSINT Framework / Images / Videos / Docs / Webcams
EarthCam,http://www.earthcam.com/,OSINT resource under:  / OSINT Framework / Images / Videos / Docs / Webcams
GoogleDocs (D),https://www.google.com/?q=site:docs.google.com+%3Csearchterm%3E,OSINT resource under:  / OSINT Framework / Images / Videos / Docs / Documents / Search / Common GoogleDorks
GoogleDrive (D),https://www.google.com/?q=site:drive.google.com+%3Csearchterm%3E,OSINT resource under:  / OSINT Framework / Images / Videos / Docs / Documents / Search / Common GoogleDorks
Dropbox (D),https://www.google.com/?q=site:dl.dropbox.com+%3Csearchterm%3E,OSINT resource under:  / OSINT Framework / Images / Videos / Docs / Documents / Search / Common GoogleDorks
Amazon AWS (D),https://www.google.com/search?q=site:s3.amazonaws.com+%3Csearchterm%3E,OSINT resource under:  / OSINT Framework / Images / Videos / Docs / Documents / Search / Common GoogleDorks
OneDrive (D),https://www.google.com/search?safe=off&q=site:onedrive.live.com+%3Csearchterm%3E,OSINT resource under:  / OSINT Framework / Images / Videos / Docs / Documents / Search / Common GoogleDorks
Cryptome (D),https://www.google.com/search?q=site:cryptome.org+%3Csearchterm%3E,OSINT resource under:  / OSINT Framework / Images / Videos / Docs / Documents / Search / Common GoogleDorks
Scribd,https://www.scribd.com/,OSINT resource under:  / OSINT Framework / Images / Videos / Docs / Documents / Search
DocJax,http://www.docjax.com/,OSINT resource under:  / OSINT Framework / Images / Videos / Docs / Documents / Search
WikiLeaks Search,https://search.wikileaks.org/advanced,OSINT resource under:  / OSINT Framework / Images / Videos / Docs / Documents / Search
RECAP Court Doc Repo,http://archive.recapthelaw.org/,OSINT resource under:  / OSINT Framework / Images / Videos / Docs / Documents / Search
filessoo.com,http://filessoo.com/,OSINT resource under:  / OSINT Framework / Images / Videos / Docs / Documents / Search
Leaked Cables,https://search.wikileaks.org/plusd/,OSINT resource under:  / OSINT Framework / Images / Videos / Docs / Documents / Search
Pastebin Alerts,http://andrewmohawk.com/pasteLert/,OSINT resource under:  / OSINT Framework / Images / Videos / Docs / Documents / Paste Sites
Just Paste It,https://justpaste.it/,OSINT resource under:  / OSINT Framework / Images / Videos / Docs / Documents / Paste Sites
Pastebin OSINT Harvester (T),https://github.com/needmorecowbell/sniff-paste,OSINT resource under:  / OSINT Framework / Images / Videos / Docs / Documents / Paste Sites
What The Font,https://www.myfonts.com/WhatTheFont/,OSINT resource under:  / OSINT Framework / Images / Videos / Docs / Fonts
Font Squirrel,https://www.fontsquirrel.com/matcherator,OSINT resource under:  / OSINT Framework / Images / Videos / Docs / Fonts
IdentiFont,http://www.identifont.com/index.html,OSINT resource under:  / OSINT Framework / Images / Videos / Docs / Fonts
Font Spring,https://www.fontspring.com/matcherator,OSINT resource under:  / OSINT Framework / Images / Videos / Docs / Fonts
What Font Is,https://www.whatfontis.com/,OSINT resource under:  / OSINT Framework / Images / Videos / Docs / Fonts
FB Email Search,https://www.facebook.com/public?query=email@gmail.com&nomc=0,OSINT resource under:  / OSINT Framework / Social Networks / Facebook / Search
Recover FB Account,https://www.facebook.com/login/identify?ctx=recover,OSINT resource under:  / OSINT Framework / Social Networks / Facebook / Search
Facebook Photos by ID (M),https://www.facebook.com/photo.php?fbid=PHOTO-ID-HERE,OSINT resource under:  / OSINT Framework / Social Networks / Facebook / Search
FB Lookup ID,https://lookup-id.com/,OSINT resource under:  / OSINT Framework / Social Networks / Facebook / Search
FB Identify (Requires Logout),https://www.facebook.com/login/identify,OSINT resource under:  / OSINT Framework / Social Networks / Facebook / Search
Inflact Instagram Viewer (Anonymous),https://inflact.com/profiles/instagram-viewer/,OSINT resource under:  / OSINT Framework / Social Networks / Instagram
Osintgram (T),https://github.com/Datalux/Osintgram,OSINT resource under:  / OSINT Framework / Social Networks / Instagram
Twitter Advanced Search,https://twitter.com/search-advanced,OSINT resource under:  / OSINT Framework / Social Networks / Twitter / Search
Twitter Location Search,https://twitter.com/search?q=geocode%3A36.1143855%2C-115.1727518%2C1km&src=typd,OSINT resource under:  / OSINT Framework / Social Networks / Twitter / Search
Twitter Date Search,https://twitter.com/search?q=SearchTerm%20since:2016-03-01%20until:2016-03-02,OSINT resource under:  / OSINT Framework / Social Networks / Twitter / Search
BackTweets,http://backtweets.com/,OSINT resource under:  / OSINT Framework / Social Networks / Twitter / Search
Followerwonk (R),https://followerwonk.com/,OSINT resource under:  / OSINT Framework / Social Networks / Twitter / Search
Twopcharts,http://twopcharts.com/,OSINT resource under:  / OSINT Framework / Social Networks / Twitter / Search
TweeterID,https://tweeterid.com/,OSINT resource under:  / OSINT Framework / Social Networks / Twitter / Search
Tweepsect,http://tweepsect.com/,OSINT resource under:  / OSINT Framework / Social Networks / Twitter / Analytics / Profile
Twitonomy,http://www.twitonomy.com/,OSINT resource under:  / OSINT Framework / Social Networks / Twitter / Analytics / Profile
Foller.me Analytics,https://foller.me/,OSINT resource under:  / OSINT Framework / Social Networks / Twitter / Analytics / Profile
X0rz Tweets_analyzer (T),https://github.com/x0rz/tweets_analyzer,OSINT resource under:  / OSINT Framework / Social Networks / Twitter / Analytics / Profile
RiteTag,https://ritetag.com/,OSINT resource under:  / OSINT Framework / Social Networks / Twitter / Analytics / Hashtag
TAGSExplorer,https://tags.hawksey.info/tagsexplorer/,OSINT resource under:  / OSINT Framework / Social Networks / Twitter / Analytics / Hashtag
Tweet Metadata,http://online.wsj.com/public/resources/documents/TweetMetadata.pdf,OSINT resource under:  / OSINT Framework / Social Networks / Twitter / Analytics
Birdwatcher (T),https://github.com/michenriksen/birdwatcher,OSINT resource under:  / OSINT Framework / Social Networks / Twitter / Analytics
Tinfoleak Web,http://tinfoleak.com/,OSINT resource under:  / OSINT Framework / Social Networks / Twitter / Analytics
Tinfoleak.py (T),http://www.vicenteaguileradiaz.com/tools/,OSINT resource under:  / OSINT Framework / Social Networks / Twitter / Analytics
DMI-TCAT (T),https://github.com/digitalmethodsinitiative/dmi-tcat,OSINT resource under:  / OSINT Framework / Social Networks / Twitter / Analytics
Twint (T),https://github.com/twintproject/twint,OSINT resource under:  / OSINT Framework / Social Networks / Twitter / Analytics
GeoSocial Footprint,http://geosocialfootprint.com/,OSINT resource under:  / OSINT Framework / Social Networks / Twitter / Location / Mapping
HEAVY.AI OmniSci Tweetmap,https://www.heavy.ai/demos/tweetmap,OSINT resource under:  / OSINT Framework / Social Networks / Twitter / Location / Mapping
One Million Tweet Map,http://onemilliontweetmap.com/,OSINT resource under:  / OSINT Framework / Social Networks / Twitter / Location / Mapping
Creepy (T),http://www.geocreepy.com/,OSINT resource under:  / OSINT Framework / Social Networks / Twitter / Location / Mapping
Fedica,https://fedica.com/,OSINT resource under:  / OSINT Framework / Social Networks / Twitter / Location / Mapping
All My Tweets,https://www.allmytweets.net/connect/,OSINT resource under:  / OSINT Framework / Social Networks / Twitter / Archive / Deleted Tweets
Spoonbill,https://spoonbill.io,OSINT resource under:  / OSINT Framework / Social Networks / Twitter / Archive / Deleted Tweets
TweetVacuum (T),https://github.com/T3hUb3rK1tten/TweetVacuum,OSINT resource under:  / OSINT Framework / Social Networks / Twitter / Archive / Deleted Tweets
Reddit Metis,https://redditmetis.com/#,OSINT resource under:  / OSINT Framework / Social Networks / Reddit
Reddit Archive,http://www.redditarchive.com/,OSINT resource under:  / OSINT Framework / Social Networks / Reddit
subreddits,http://subreddits.org/,OSINT resource under:  / OSINT Framework / Social Networks / Reddit
Reddit Comment History,https://roadtolarissa.com/javascript/reddit-comment-visualizer/,OSINT resource under:  / OSINT Framework / Social Networks / Reddit
LinkedInt - LinkedIn Recon Tool (T),https://github.com/vysec/LinkedInt,OSINT resource under:  / OSINT Framework / Social Networks / LinkedIn
ScrapedIn (T),https://github.com/dchrastil/ScrapedIn,OSINT resource under:  / OSINT Framework / Social Networks / LinkedIn
InSpy (T),https://github.com/leapsecurity/InSpy,OSINT resource under:  / OSINT Framework / Social Networks / LinkedIn
raven (T),https://github.com/0x09AL/raven,OSINT resource under:  / OSINT Framework / Social Networks / LinkedIn
TikTok Viewer,https://urlebird.com/,OSINT resource under:  / OSINT Framework / Social Networks / Tiktok
Treeverse (T),https://github.com/paulgb/Treeverse,OSINT resource under:  / OSINT Framework / Social Networks / Bluesky
SteamOSINT (T),https://github.com/Frontline-Femmes/Steam-OSINT,"OSINT resource under:  / OSINT Framework / Social Networks / Steam, Discord & Gaming Networks"
Myspace,https://myspace.com/,OSINT resource under:  / OSINT Framework / Social Networks / Other Social Networks
Tumblr,http://www.tumblr.com/tagged/search,OSINT resource under:  / OSINT Framework / Social Networks / Other Social Networks
TheHoodUp (NSFW),http://thehoodup.com/board/,OSINT resource under:  / OSINT Framework / Social Networks / Other Social Networks
BlackPlanet.com - Member Find,http://www.blackplanet.com/user_search/index.html,OSINT resource under:  / OSINT Framework / Social Networks / Other Social Networks
MiGente (Latino),http://www.migente.com/user_search/index.html,OSINT resource under:  / OSINT Framework / Social Networks / Other Social Networks
Asian Avenue,http://www.asianave.com/user_search/index.html,OSINT resource under:  / OSINT Framework / Social Networks / Other Social Networks
Orkut (Brazil),https://orkut.google.com/,OSINT resource under:  / OSINT Framework / Social Networks / Other Social Networks
Odnoklassniki,http://ok.ru/,OSINT resource under:  / OSINT Framework / Social Networks / Other Social Networks
VK,https://vk.com/,OSINT resource under:  / OSINT Framework / Social Networks / Other Social Networks
Delicious,https://del.icio.us/,OSINT resource under:  / OSINT Framework / Social Networks / Other Social Networks
Social Searcher,http://www.social-searcher.com/,OSINT resource under:  / OSINT Framework / Social Networks / Search
Google Social Search,http://www.social-searcher.com/google-social-search/,OSINT resource under:  / OSINT Framework / Social Networks / Search
SocialBlade.com,http://socialblade.com/,OSINT resource under:  / OSINT Framework / Social Networks / Search
Talkwalker Social Media Search (R),https://www.talkwalker.com/social-media-analytics-search,OSINT resource under:  / OSINT Framework / Social Networks / Search
PinGroupie,http://pingroupie.com/,OSINT resource under:  / OSINT Framework / Social Networks / Search
Google CSE for Telegram links,https://cse.google.com/cse?cx=006368593537057042503:efxu7xprihg,OSINT resource under:  / OSINT Framework / Social Networks / Search
Skype Web Client,https://web.skype.com/,OSINT resource under:  / OSINT Framework / Instant Messaging / Skype
MostwantedHF,http://mostwantedhf.info/index.php,OSINT resource under:  / OSINT Framework / Instant Messaging / Skype
Skype Resolver 2019,http://www.skypeipresolver.net/,OSINT resource under:  / OSINT Framework / Instant Messaging / Skype
Snapchat Leak Checker,https://lastpass.com/snapchat/,OSINT resource under:  / OSINT Framework / Instant Messaging / Snapchat
Kik Username (M),http://kik.me/%3Cusername%3E,OSINT resource under:  / OSINT Framework / Instant Messaging / Kik
YikMap,http://yikmap.com/,OSINT resource under:  / OSINT Framework / Instant Messaging / Yikyak
Family Tree Now,http://www.familytreenow.com/,OSINT resource under:  / OSINT Framework / People Search Engines / General People Search
InfoFlow Public People Search In Chilean,https://infoflow.cloud/,OSINT resource under:  / OSINT Framework / People Search Engines / General People Search
ThatsThem,https://thatsthem.com/name-address-search,OSINT resource under:  / OSINT Framework / People Search Engines / General People Search
ZoomInfo Directory,http://www.zoominfo.com/people_directory/professional_profile/A-0-1,OSINT resource under:  / OSINT Framework / People Search Engines / General People Search
Zaba Search,http://www.zabasearch.com/,OSINT resource under:  / OSINT Framework / People Search Engines / General People Search
USSearch.com,http://www.ussearch.com/,OSINT resource under:  / OSINT Framework / People Search Engines / General People Search
Melissa Data - People Finder (R),http://www.melissadata.com/lookups/peoplefinder.asp,OSINT resource under:  / OSINT Framework / People Search Engines / General People Search
Advanced Background Checks,https://www.advancedbackgroundchecks.com/,OSINT resource under:  / OSINT Framework / People Search Engines / General People Search
SalesMaple Contact Search,https://www.salesmaple.com/contacts/#!/,OSINT resource under:  / OSINT Framework / People Search Engines / General People Search
PeekYou,http://www.peekyou.com/,OSINT resource under:  / OSINT Framework / People Search Engines / General People Search
Reverse Genie People,http://www.reversegenie.com/people.php,OSINT resource under:  / OSINT Framework / People Search Engines / General People Search
Wink People Search,http://itools.com/tool/wink-people-search,OSINT resource under:  / OSINT Framework / People Search Engines / General People Search
Radaris,http://radaris.com/,OSINT resource under:  / OSINT Framework / People Search Engines / General People Search
Intelius,http://www.intelius.com/,OSINT resource under:  / OSINT Framework / People Search Engines / General People Search
InfoSpace,http://infospace.com/,OSINT resource under:  / OSINT Framework / People Search Engines / General People Search
Webmii,http://webmii.com/,OSINT resource under:  / OSINT Framework / People Search Engines / General People Search
Snitch.name,http://snitch.name/,OSINT resource under:  / OSINT Framework / People Search Engines / General People Search
Lullar,http://com.lullar.com/,OSINT resource under:  / OSINT Framework / People Search Engines / General People Search
Yasni,http://www.yasni.com/,OSINT resource under:  / OSINT Framework / People Search Engines / General People Search
findmypast.com,http://search.findmypast.com/search-world-records,OSINT resource under:  / OSINT Framework / People Search Engines / General People Search
HowManyOfMe,http://howmanyofme.com/search/,OSINT resource under:  / OSINT Framework / People Search Engines / General People Search
FamilySearch.org,https://familysearch.org/search/,OSINT resource under:  / OSINT Framework / People Search Engines / General People Search
Ancestry.com,http://search.ancestry.com/,OSINT resource under:  / OSINT Framework / People Search Engines / General People Search
Nuwber,https://nuwber.com/,OSINT resource under:  / OSINT Framework / People Search Engines / General People Search
Genealogy.com,http://www.genealogy.com/,OSINT resource under:  / OSINT Framework / People Search Engines / General People Search
My Life,https://www.mylife.com/,OSINT resource under:  / OSINT Framework / People Search Engines / General People Search
AnyWho,http://www.anywho.com/whitepages,OSINT resource under:  / OSINT Framework / People Search Engines / General People Search
Addresses.com,http://www.addresses.com/,OSINT resource under:  / OSINT Framework / People Search Engines / General People Search
Sorted By Name,http://sortedbyname.com/,OSINT resource under:  / OSINT Framework / People Search Engines / General People Search
Cubib,https://cubib.com/,OSINT resource under:  / OSINT Framework / People Search Engines / General People Search
True People Search,https://www.truepeoplesearch.com/,OSINT resource under:  / OSINT Framework / People Search Engines / General People Search
Fast People Search,https://www.fastpeoplesearch.com/,OSINT resource under:  / OSINT Framework / People Search Engines / General People Search
IDCrawl,https://www.idcrawl.com/,OSINT resource under:  / OSINT Framework / People Search Engines / General People Search
The Knot,https://www.theknot.com/registry/couplesearch,OSINT resource under:  / OSINT Framework / People Search Engines / Registries
Registry Finder,https://www.registryfinder.com/,OSINT resource under:  / OSINT Framework / People Search Engines / Registries
My Registry,https://www.myregistry.com/,OSINT resource under:  / OSINT Framework / People Search Engines / Registries
Amazon Registry Search,https://www.amazon.com/gp/registry/search,OSINT resource under:  / OSINT Framework / People Search Engines / Registries
"Bed, Bath, & Beyond Gift Registry",https://www.bedbathandbeyond.com/store/giftregistry/registry_search_guest.jsp,OSINT resource under:  / OSINT Framework / People Search Engines / Registries
The Bump,https://registry.thebump.com/babyregistrysearch,OSINT resource under:  / OSINT Framework / People Search Engines / Registries
Match.com,http://www.match.com/,OSINT resource under:  / OSINT Framework / Dating
AYI.com,https://www.ayi.com/index.php,OSINT resource under:  / OSINT Framework / Dating
Plenty Of Fish.com,http://www.pof.com/,OSINT resource under:  / OSINT Framework / Dating
eHarmony,http://www.eharmony.com/,OSINT resource under:  / OSINT Framework / Dating
Farmers Only,http://www.farmersonly.com/,OSINT resource under:  / OSINT Framework / Dating
Zoosk,https://www.zoosk.com/,OSINT resource under:  / OSINT Framework / Dating
OkCupid,https://www.okcupid.com/,OSINT resource under:  / OSINT Framework / Dating
Tinder (R),https://tinder.com/,OSINT resource under:  / OSINT Framework / Dating
Wamba.com,http://wamba.com/,OSINT resource under:  / OSINT Framework / Dating
AdultFriendFinder,http://adultfriendfinder.com/,OSINT resource under:  / OSINT Framework / Dating
Ashley Madison,https://www.ashleymadison.com/,OSINT resource under:  / OSINT Framework / Dating
BeautifulPeople.com,https://www.beautifulpeople.com/en-US,OSINT resource under:  / OSINT Framework / Dating
Badoo,https://badoo.us/,OSINT resource under:  / OSINT Framework / Dating
Spark.com,https://www.spark.com/,OSINT resource under:  / OSINT Framework / Dating
Meetup,http://www.meetup.com/,OSINT resource under:  / OSINT Framework / Dating
BlackPeopleMeet,http://www.blackpeoplemeet.com/,OSINT resource under:  / OSINT Framework / Dating
Bumble,https://bumble.com/,OSINT resource under:  / OSINT Framework / Dating
Hinge,https://hinge.co/en-gb,OSINT resource under:  / OSINT Framework / Dating
Slydial,https://www.slydial.com/,OSINT resource under:  / OSINT Framework / Telephone Numbers / Voicemail
Numbering Plans,https://www.numberingplans.com/?page=analysis&sub=phonenr,OSINT resource under:  / OSINT Framework / Telephone Numbers / International
Numberway,https://www.numberway.com/,OSINT resource under:  / OSINT Framework / Telephone Numbers / International
WhoCalld,https://whocalld.com/,OSINT resource under:  / OSINT Framework / Telephone Numbers
411,http://www.411.com/reverse_phone,OSINT resource under:  / OSINT Framework / Telephone Numbers
CallerID Test,http://www.calleridtest.com/,OSINT resource under:  / OSINT Framework / Telephone Numbers
ThatsThem - Reverse Phone Lookup,https://thatsthem.com/reverse-phone-lookup,OSINT resource under:  / OSINT Framework / Telephone Numbers
Twilio Lookup,https://www.twilio.com/lookup,OSINT resource under:  / OSINT Framework / Telephone Numbers
Fone Finder,http://www.fonefinder.net/,OSINT resource under:  / OSINT Framework / Telephone Numbers
True Caller,http://www.truecaller.com/,OSINT resource under:  / OSINT Framework / Telephone Numbers
Reverse Genie,http://www.reversegenie.com/phone.php,OSINT resource under:  / OSINT Framework / Telephone Numbers
SpyDialer,http://www.spydialer.com/default.aspx,OSINT resource under:  / OSINT Framework / Telephone Numbers
Phone Validator,http://www.phonevalidator.com/,OSINT resource under:  / OSINT Framework / Telephone Numbers
Free Carrier Lookup,http://freecarrierlookup.com/,OSINT resource under:  / OSINT Framework / Telephone Numbers
Mr. Number (M),http://mrnumber.com/1-888-742-0000,OSINT resource under:  / OSINT Framework / Telephone Numbers
CallerIDService.com (R),http://www.calleridservice.com/,OSINT resource under:  / OSINT Framework / Telephone Numbers
Next Caller (R),https://nextcaller.com/,OSINT resource under:  / OSINT Framework / Telephone Numbers
Data24-7 (R),https://www.data24-7.com/signup.php,OSINT resource under:  / OSINT Framework / Telephone Numbers
HLR Lookup Portal (R),https://www.hlr-lookups.com/,OSINT resource under:  / OSINT Framework / Telephone Numbers
OpenCNAM,https://www.opencnam.com/,OSINT resource under:  / OSINT Framework / Telephone Numbers
OpenCNAM API,http://api.opencnam.com/v2/phone/+19073372323,OSINT resource under:  / OSINT Framework / Telephone Numbers
USPhoneBook,https://www.usphonebook.com,OSINT resource under:  / OSINT Framework / Telephone Numbers
Numspy-Api,https://numspy.pythonanywhere.com/,OSINT resource under:  / OSINT Framework / Telephone Numbers
Melissa Data - Property Viewer (R),http://www.melissadata.com/lookups/propertyviewer.asp,OSINT resource under:  / OSINT Framework / Public Records / Property Records
Regrid (US Only),https://app.regrid.com/us/,OSINT resource under:  / OSINT Framework / Public Records / Property Records
Zillow,http://www.zillow.com/,OSINT resource under:  / OSINT Framework / Public Records / Property Records
Emporis,https://www.emporis.com/,OSINT resource under:  / OSINT Framework / Public Records / Property Records
Homefacts,https://www.homefacts.com/,OSINT resource under:  / OSINT Framework / Public Records / Property Records
Neighbor Report,https://neighbor.report/,OSINT resource under:  / OSINT Framework / Public Records / Property Records
Redfin,https://www.redfin.com/,OSINT resource under:  / OSINT Framework / Public Records / Property Records
Nationwide County Court Records,http://www.blackbookonline.info/USA-County-Court-Records.aspx,OSINT resource under:  / OSINT Framework / Public Records / Court / Criminal Records
World Legal Information Institute,http://worldlii.org/,OSINT resource under:  / OSINT Framework / Public Records / Court / Criminal Records
Canadian Legal Information Institute,http://www.canlii.org/en/,OSINT resource under:  / OSINT Framework / Public Records / Court / Criminal Records
Most Wanted Criminal Pages,http://ancestorhunt.com/most-wanted-criminals-and-fugitives.htm,OSINT resource under:  / OSINT Framework / Public Records / Court / Criminal Records
Black Book Online - Criminal Search,http://www.blackbookonline.info/criminalsearch.aspx,OSINT resource under:  / OSINT Framework / Public Records / Court / Criminal Records
CrimeReports.com,https://www.crimereports.com/,OSINT resource under:  / OSINT Framework / Public Records / Court / Criminal Records
Familywatchdog - Sex Offender Search,http://www.familywatchdog.us/,OSINT resource under:  / OSINT Framework / Public Records / Court / Criminal Records
Felon Spy,http://www.felonspy.com/search.html,OSINT resource under:  / OSINT Framework / Public Records / Court / Criminal Records
The Inmate Locator,http://www.theinmatelocator.com/,OSINT resource under:  / OSINT Framework / Public Records / Court / Criminal Records
Criminal Searches,http://www.criminalsearches.com/,OSINT resource under:  / OSINT Framework / Public Records / Court / Criminal Records
National Sex Offender Search,https://www.nsopw.gov/en/Search,OSINT resource under:  / OSINT Framework / Public Records / Court / Criminal Records
Mugshots.com,http://mugshots.com/,OSINT resource under:  / OSINT Framework / Public Records / Court / Criminal Records
judyrecords,https://www.judyrecords.com/,OSINT resource under:  / OSINT Framework / Public Records / Court / Criminal Records
Caselaw Access Project,https://case.law/,OSINT resource under:  / OSINT Framework / Public Records / Court / Criminal Records
CourtListener,https://www.courtlistener.com/,OSINT resource under:  / OSINT Framework / Public Records / Court / Criminal Records
Docket Alarm,https://www.docketalarm.com/,OSINT resource under:  / OSINT Framework / Public Records / Court / Criminal Records
Google Scholar Case Law,https://scholar.google.com/,OSINT resource under:  / OSINT Framework / Public Records / Court / Criminal Records
PACER,https://pacer.uscourts.gov/,OSINT resource under:  / OSINT Framework / Public Records / Court / Criminal Records
Free Law RECAP Archive,https://www.courtlistener.com/recap/,OSINT resource under:  / OSINT Framework / Public Records / Court / Criminal Records
UniCourt,https://unicourt.com/,OSINT resource under:  / OSINT Framework / Public Records / Court / Criminal Records
Federal Inmate Locator,https://www.bop.gov/inmateloc/,OSINT resource under:  / OSINT Framework / Public Records / Court / Criminal Records
NC Salary DB,http://www.newsobserver.com/news/databases/state-pay/,OSINT resource under:  / OSINT Framework / Public Records / Government Records
Gov Data Canada,https://govdataca.com/,OSINT resource under:  / OSINT Framework / Public Records / Government Records
CA Salary DB,http://www.sacbee.com/site-services/databases/state-pay/article2642161.html,OSINT resource under:  / OSINT Framework / Public Records / Government Records
BIN Base,http://www.binbase.com/search.html,OSINT resource under:  / OSINT Framework / Public Records / Financial / Tax Resources
VAT Research,https://vat-search.eu/,OSINT resource under:  / OSINT Framework / Public Records / Financial / Tax Resources
NETR Online,http://publicrecords.netronline.com/,OSINT resource under:  / OSINT Framework / Public Records / Financial / Tax Resources
Sorted by Birth Date,http://sortedbybirthdate.com/,OSINT resource under:  / OSINT Framework / Public Records / Birth Records
Death Check,http://www.melissadata.com/lookups/deathcheck.asp,OSINT resource under:  / OSINT Framework / Public Records / Death Records
Find A Grave,http://www.findagrave.com/index.html,OSINT resource under:  / OSINT Framework / Public Records / Death Records
GraveInfo,http://www.graveinfo.com/,OSINT resource under:  / OSINT Framework / Public Records / Death Records
NACo County Explorer,http://explorer.naco.org/index.html,OSINT resource under:  / OSINT Framework / Public Records / US County Data
Voter Records,https://voterrecords.com/,OSINT resource under:  / OSINT Framework / Public Records / US Voter Records
Voter Registration Data,http://www.blackbookonline.info/USA-Voter-Records.aspx,OSINT resource under:  / OSINT Framework / Public Records / US Voter Records
US Patent Office Search,https://www.uspto.gov/patents/search,OSINT resource under:  / OSINT Framework / Public Records / Patent Records
Google Patent Search,https://www.google.com/advanced_patent_search,OSINT resource under:  / OSINT Framework / Public Records / Patent Records
FollowTheMoney.org,http://www.followthemoney.org/,OSINT resource under:  / OSINT Framework / Public Records / US Political Records
OpenSecrets.org,http://www.opensecrets.org/,OSINT resource under:  / OSINT Framework / Public Records / US Political Records
Political MoneyLine,http://www.politicalmoneyline.com/,OSINT resource under:  / OSINT Framework / Public Records / US Political Records
MelissaData - Campaign Contributions,http://www.melissadata.com/lookups/fec.asp,OSINT resource under:  / OSINT Framework / Public Records / US Political Records
Influence Explorer,http://data.influenceexplorer.com/#,OSINT resource under:  / OSINT Framework / Public Records / US Political Records
US Federal Election Commission,http://www.fec.gov/finance/disclosure/norindsea.shtml,OSINT resource under:  / OSINT Framework / Public Records / US Political Records
Every Politician,http://everypolitician.org/,OSINT resource under:  / OSINT Framework / Public Records / US Political Records
Public Records?,http://publicrecords.searchsystems.net/,OSINT resource under:  / OSINT Framework / Public Records
The World Bank Open Data Catalog,http://datacatalog.worldbank.org/,OSINT resource under:  / OSINT Framework / Public Records
BRB Public Records,http://www.brbpub.com/,OSINT resource under:  / OSINT Framework / Public Records
GOVDATA - Das Datenportal für Deutschland (German),https://www.govdata.de/,OSINT resource under:  / OSINT Framework / Public Records
Open-Data-Portal München (German),https://www.opengov-muenchen.de/,OSINT resource under:  / OSINT Framework / Public Records
AnnualReports.com,http://www.annualreports.com/,OSINT resource under:  / OSINT Framework / Business Records / Annual Reports
Public Register Online,http://www.annualreportservice.com/,OSINT resource under:  / OSINT Framework / Business Records / Annual Reports
Public Register's Annual Report Service,http://www.prars.com/search/alpha/A,OSINT resource under:  / OSINT Framework / Business Records / Annual Reports
International Registries,https://www.gov.uk/government/publications/overseas-registries/overseas-registries,OSINT resource under:  / OSINT Framework / Business Records / Annual Reports
Businessweek Search,http://investing.businessweek.com/research/common/symbollookup/symbollookup.asp,OSINT resource under:  / OSINT Framework / Business Records / General Info & News
Corporation Wiki,http://www.corporationwiki.com/,OSINT resource under:  / OSINT Framework / Business Records / General Info & News
Commercial Register - Worldwide,http://www.commercial-register.sg.ch/home/worldwide.html,OSINT resource under:  / OSINT Framework / Business Records / General Info & News
SEC.gov - EDGAR,http://www.sec.gov/edgar.shtml,OSINT resource under:  / OSINT Framework / Business Records / General Info & News
International White Pages,http://www.wayp.com/,OSINT resource under:  / OSINT Framework / Business Records / General Info & News
UK Companies,https://www.gov.uk/get-information-about-a-company,OSINT resource under:  / OSINT Framework / Business Records / General Info & News
Global EDGE Resource Directory,http://globaledge.msu.edu/global-resources,OSINT resource under:  / OSINT Framework / Business Records / General Info & News
Ripoff Report,http://www.ripoffreport.com/,OSINT resource under:  / OSINT Framework / Business Records / General Info & News
Google Finance,https://www.google.com/finance,OSINT resource under:  / OSINT Framework / Business Records / General Info & News
OpenCorporates,https://opencorporates.com/,OSINT resource under:  / OSINT Framework / Business Records / Company Profiles
Corporation Wiki,https://www.corporationwiki.com/,OSINT resource under:  / OSINT Framework / Business Records / Company Profiles
Data.com Connect,https://connect.data.com/,OSINT resource under:  / OSINT Framework / Business Records / Company Profiles
ZoomInfo.com,http://www.zoominfo.com/company-directory/us,OSINT resource under:  / OSINT Framework / Business Records / Company Profiles
Kompass International,http://www.kompass.com/selectcountry/,OSINT resource under:  / OSINT Framework / Business Records / Company Profiles
Infobel,http://www.infobel.com/en/world/,OSINT resource under:  / OSINT Framework / Business Records / Company Profiles
AIHIT,https://www.aihitdata.com/,OSINT resource under:  / OSINT Framework / Business Records / Company Profiles
Plonked,https://www.plonked.com/,OSINT resource under:  / OSINT Framework / Business Records / Company Profiles
Buzzfile,http://www.buzzfile.com/Home/Basic,OSINT resource under:  / OSINT Framework / Business Records / Company Profiles
LittleSis,http://littlesis.org/,OSINT resource under:  / OSINT Framework / Business Records / Company Profiles
Companies House,https://beta.companieshouse.gov.uk/,OSINT resource under:  / OSINT Framework / Business Records / Company Profiles
Hoovers,http://www.hoovers.com/,OSINT resource under:  / OSINT Framework / Business Records / Company Profiles
Corporate Information,http://corporateinformation.com/,OSINT resource under:  / OSINT Framework / Business Records / Company Profiles
Company Data Rex (EU),http://cdrex.com/,OSINT resource under:  / OSINT Framework / Business Records / Company Profiles
Europages,http://www.europages.co.uk/,OSINT resource under:  / OSINT Framework / Business Records / Company Profiles
Glassdoor Company Reviews,https://www.glassdoor.com/Reviews/index.htm,OSINT resource under:  / OSINT Framework / Business Records / Company Profiles
Owler (R),https://www.owler.com/,OSINT resource under:  / OSINT Framework / Business Records / Company Profiles
Vault,http://www.vault.com/,OSINT resource under:  / OSINT Framework / Business Records / Company Profiles
Companies In The UK,https://www.companiesintheuk.co.uk/,OSINT resource under:  / OSINT Framework / Business Records / Company Profiles
UK Companies list,https://www.companieslist.co.uk/,OSINT resource under:  / OSINT Framework / Business Records / Company Profiles
UK Data,http://ukdata.com/,OSINT resource under:  / OSINT Framework / Business Records / Company Profiles
Orbis Directory,https://orbisdirectory.bvdinfo.com/version-2016121/OrbisDirectory/Companies,OSINT resource under:  / OSINT Framework / Business Records / Company Profiles
Manta Small Business Directory,https://www.manta.com/business-directory,OSINT resource under:  / OSINT Framework / Business Records / Company Profiles
Crunchbase,https://www.crunchbase.com/#/home/index,OSINT resource under:  / OSINT Framework / Business Records / Company Profiles
RecruitEm,http://recruitin.net/,OSINT resource under:  / OSINT Framework / Business Records / Employee Profiles & Resumes
LinkedIn,https://www.linkedin.com/,OSINT resource under:  / OSINT Framework / Business Records / Employee Profiles & Resumes
Jobster,http://www.jobster.com/,OSINT resource under:  / OSINT Framework / Business Records / Employee Profiles & Resumes
XING (R),https://www.xing.com/,OSINT resource under:  / OSINT Framework / Business Records / Employee Profiles & Resumes
Indeed,http://www.indeed.com/,OSINT resource under:  / OSINT Framework / Business Records / Employee Profiles & Resumes
CVGadget,http://www.cvgadget.com/,OSINT resource under:  / OSINT Framework / Business Records / Employee Profiles & Resumes
RBA - Business Information Resources,http://www.rba.co.uk/sources/,OSINT resource under:  / OSINT Framework / Business Records / Additional Resources
VAT Number Validation,http://ec.europa.eu/taxation_customs/vies/?locale=en,OSINT resource under:  / OSINT Framework / Business Records / Additional Resources
Vehicle Purchase Records,http://vin.place/,OSINT resource under:  / OSINT Framework / Transportation / Vehicle Records
VIN Decoderz,http://www.vindecoderz.com/,OSINT resource under:  / OSINT Framework / Transportation / Vehicle Records
That's Them VIN Search,https://thatsthem.com/vin-search,OSINT resource under:  / OSINT Framework / Transportation / Vehicle Records
Reverse Genie License Plates,http://www.reversegenie.com/plate.php,OSINT resource under:  / OSINT Framework / Transportation / Vehicle Records
VinCheck,https://www.nicb.org/theft_and_fraud_awareness/vincheck,OSINT resource under:  / OSINT Framework / Transportation / Vehicle Records
TRAVIC - Public Transportation Tracking,http://tracker.geops.ch/,OSINT resource under:  / OSINT Framework / Transportation / Vehicle Records
Vehicle Specifications Lookup,https://berla.co/products/ive/vehicle-lookup/,OSINT resource under:  / OSINT Framework / Transportation / Vehicle Records
License Plate Search,https://www.vehiclehistory.com/licence-plate-search/licence-plate.php,OSINT resource under:  / OSINT Framework / Transportation / Vehicle Records
FlightAware - Live Flight Tracker,http://flightaware.com/live/,OSINT resource under:  / OSINT Framework / Transportation / Air Traffic Records
Flightradar24.com,https://www.flightradar24.com/,OSINT resource under:  / OSINT Framework / Transportation / Air Traffic Records
World Aeronautical Database,http://worldaerodata.com/,OSINT resource under:  / OSINT Framework / Transportation / Air Traffic Records
ADS-B Exchange,https://www.adsbexchange.com/,OSINT resource under:  / OSINT Framework / Transportation / Air Traffic Records
ADS-B.NL,https://www.ads-b.nl/index.php?pageno=9999,OSINT resource under:  / OSINT Framework / Transportation / Air Traffic Records
Marine Traffic,http://www.marinetraffic.com/,OSINT resource under:  / OSINT Framework / Transportation / Marine Records
Vessel Tracker,http://www.vesseltracker.com/app,OSINT resource under:  / OSINT Framework / Transportation / Marine Records
Ship AIS,http://www.shipais.com/,OSINT resource under:  / OSINT Framework / Transportation / Marine Records
Shodan Ship Tracker,https://shiptracker.shodan.io/,OSINT resource under:  / OSINT Framework / Transportation / Marine Records
OpenSeaMap - The free nautical chart,http://www.openseamap.org,OSINT resource under:  / OSINT Framework / Transportation / Marine Records
Vessel Finder,https://www.vesselfinder.com/,OSINT resource under:  / OSINT Framework / Transportation / Marine Records
Deutsche Bahn Open-Data-Portal (German),http://data.deutschebahn.com/,OSINT resource under:  / OSINT Framework / Transportation / Railway Records
OpenRailwayMap,https://www.openrailwaymap.org/,OSINT resource under:  / OSINT Framework / Transportation / Railway Records
Transportation & Train Tracking,https://mobility.portal.geops.io/,OSINT resource under:  / OSINT Framework / Transportation
Satellite Tracking,http://www.n2yo.com/,OSINT resource under:  / OSINT Framework / Transportation
Track-Trace,http://www.track-trace.com/,OSINT resource under:  / OSINT Framework / Transportation
Astrometry,https://nova.astrometry.net/,OSINT resource under:  / OSINT Framework / Geolocation Tools / Maps / Geolocation Tools
SunCalc,http://suncalc.net/,OSINT resource under:  / OSINT Framework / Geolocation Tools / Maps / Geolocation Tools
GPSVisualizer,http://www.gpsvisualizer.com/geocode,OSINT resource under:  / OSINT Framework / Geolocation Tools / Maps / Coordinates
Military Grid Reference System Coordinates,https://dominoc925-pages.appspot.com/mapplets/cs_mgrs.html,OSINT resource under:  / OSINT Framework / Geolocation Tools / Maps / Coordinates
Batch Geocoding,https://www.doogal.co.uk/BatchGeocoding.php,OSINT resource under:  / OSINT Framework / Geolocation Tools / Maps / Coordinates
Batch Reverse Geocoding,https://www.doogal.co.uk/BatchReverseGeocoding.php,OSINT resource under:  / OSINT Framework / Geolocation Tools / Maps / Coordinates
BatchGeo,https://batchgeo.com/,OSINT resource under:  / OSINT Framework / Geolocation Tools / Maps / Map Reporting Tools
Hyperlapse (T),https://github.com/TeehanLax/Hyperlapse.js,OSINT resource under:  / OSINT Framework / Geolocation Tools / Maps / Map Reporting Tools
Teehan+Lax Labs - Hyperlapse,http://labs.teehanlax.com/project/hyperlapse,OSINT resource under:  / OSINT Framework / Geolocation Tools / Maps / Map Reporting Tools
Google Maps Streetview Player,http://brianfolts.com/driver/,OSINT resource under:  / OSINT Framework / Geolocation Tools / Maps / Map Reporting Tools
ScribbleMaps,http://scribblemaps.com/,OSINT resource under:  / OSINT Framework / Geolocation Tools / Maps / Map Reporting Tools
OpenSignal,https://opensignal.com/,OSINT resource under:  / OSINT Framework / Geolocation Tools / Maps / Mobile Coverage
AntennaSearch,http://www.antennasearch.com/,OSINT resource under:  / OSINT Framework / Geolocation Tools / Maps / Mobile Coverage
Google Maps,https://www.google.com/maps/,OSINT resource under:  / OSINT Framework / Geolocation Tools / Maps
Bing Maps,http://www.bing.com/maps/,OSINT resource under:  / OSINT Framework / Geolocation Tools / Maps
HERE Maps,https://maps.here.com/,OSINT resource under:  / OSINT Framework / Geolocation Tools / Maps
Dual Maps,http://data.mashedworld.com/dualmaps/map.htm,OSINT resource under:  / OSINT Framework / Geolocation Tools / Maps
Instant Google Street View,http://www.instantstreetview.com/,OSINT resource under:  / OSINT Framework / Geolocation Tools / Maps
Wikimapia,http://wikimapia.org/#lang=en&lat=40.078071&lon=-100.458984&z=5&m=b,OSINT resource under:  / OSINT Framework / Geolocation Tools / Maps
OpenStreetMap,http://www.openstreetmap.org/#map=5/40.614/-100.679,OSINT resource under:  / OSINT Framework / Geolocation Tools / Maps
Flash Earth,http://www.flashearth.com/,OSINT resource under:  / OSINT Framework / Geolocation Tools / Maps
Historic Aerials,http://www.historicaerials.com/?javascript=&,OSINT resource under:  / OSINT Framework / Geolocation Tools / Maps
Google Maps Update Alerts,https://followyourworld.appspot.com/,OSINT resource under:  / OSINT Framework / Geolocation Tools / Maps
Google Earth Overlays,http://www.mgmaps.com/kml/#view,OSINT resource under:  / OSINT Framework / Geolocation Tools / Maps
Yandex.Maps,https://yandex.com/maps/,OSINT resource under:  / OSINT Framework / Geolocation Tools / Maps
Google Earth,https://www.google.com/earth/,OSINT resource under:  / OSINT Framework / Geolocation Tools / Maps
Baidu Maps,http://map.baidu.com/,OSINT resource under:  / OSINT Framework / Geolocation Tools / Maps
Corona,http://corona.cast.uark.edu/,OSINT resource under:  / OSINT Framework / Geolocation Tools / Maps
Daum (Korean),http://map.daum.net/,OSINT resource under:  / OSINT Framework / Geolocation Tools / Maps
Naver (Korean),http://map.naver.com/,OSINT resource under:  / OSINT Framework / Geolocation Tools / Maps
OpenStreetMap,http://www.openstreetmap.org/#map=5/51.500/-0.100,OSINT resource under:  / OSINT Framework / Geolocation Tools / Maps
EarthExplorer,https://earthexplorer.usgs.gov/,OSINT resource under:  / OSINT Framework / Geolocation Tools / Maps
OpenStreetCam,http://openstreetcam.org/,OSINT resource under:  / OSINT Framework / Geolocation Tools / Maps
Travel by Drone,http://travelbydrone.com/,OSINT resource under:  / OSINT Framework / Geolocation Tools / Maps
Hivemapper,https://hivemapper.com/,OSINT resource under:  / OSINT Framework / Geolocation Tools / Maps
LandsatLook Viewer,https://landsatlook.usgs.gov/,OSINT resource under:  / OSINT Framework / Geolocation Tools / Maps
Sentinel2Look Viewer,https://landsatlook.usgs.gov/sentinel2/,OSINT resource under:  / OSINT Framework / Geolocation Tools / Maps
NEXRAD Data Inventory Search,https://www.ncdc.noaa.gov/nexradinv/,OSINT resource under:  / OSINT Framework / Geolocation Tools / Maps
MapQuest,https://www.mapquest.com/,OSINT resource under:  / OSINT Framework / Geolocation Tools / Maps
OpenRailwayMap,http://www.openrailwaymap.org/,OSINT resource under:  / OSINT Framework / Geolocation Tools / Maps
OpenInfrastructureMap,openinframap.org/,OSINT resource under:  / OSINT Framework / Geolocation Tools / Maps
OpenStreetMap Routing Service,http://www.yournavigation.org/,OSINT resource under:  / OSINT Framework / Geolocation Tools / Maps
Hiking & Biking Map,http://hikebikemap.org/,OSINT resource under:  / OSINT Framework / Geolocation Tools / Maps
US Nav Guide Zip Code Data,http://www.usnaviguide.com/,OSINT resource under:  / OSINT Framework / Geolocation Tools / Maps
Wayback Imagery,https://livingatlas.arcgis.com/wayback/,OSINT resource under:  / OSINT Framework / Geolocation Tools / Maps
SkyFi.com - Satellite Open Data (R),https://app.skyfi.com/explore/open,OSINT resource under:  / OSINT Framework / Geolocation Tools / Maps
Google,https://www.google.com/?gws_rd=ssl,OSINT resource under:  / OSINT Framework / Search Engines / General Search
Bing,http://www.bing.com/,OSINT resource under:  / OSINT Framework / Search Engines / General Search
DuckDuckGo,https://duckduckgo.com/,OSINT resource under:  / OSINT Framework / Search Engines / General Search
Yahoo Advanced Web Search,https://search.yahoo.com/web/advanced,OSINT resource under:  / OSINT Framework / Search Engines / General Search
StartPage,https://www.startpage.com/,OSINT resource under:  / OSINT Framework / Search Engines / General Search
Yandex,https://www.yandex.com/,OSINT resource under:  / OSINT Framework / Search Engines / General Search
Baidu,http://www.baidu.com/,OSINT resource under:  / OSINT Framework / Search Engines / General Search
Google Advanced Search,https://www.google.com/advanced_search,OSINT resource under:  / OSINT Framework / Search Engines / General Search
iBoogie,http://www.iboogie.com/,OSINT resource under:  / OSINT Framework / Search Engines / General Search
iZito,http://www.izito.com/,OSINT resource under:  / OSINT Framework / Search Engines / General Search
Bing vs. Google,http://bvsg.org/,OSINT resource under:  / OSINT Framework / Search Engines / General Search
Ixquick Search Engine,https://www.ixquick.com/,OSINT resource under:  / OSINT Framework / Search Engines / General Search
Advangle,http://advangle.com/,OSINT resource under:  / OSINT Framework / Search Engines / General Search
Instya,http://www.instya.com/#/web/,OSINT resource under:  / OSINT Framework / Search Engines / General Search
Hulbee,https://hulbee.com/,OSINT resource under:  / OSINT Framework / Search Engines / General Search
Swisscows,https://swisscows.com/,OSINT resource under:  / OSINT Framework / Search Engines / General Search
Brave,https://search.brave.com/,OSINT resource under:  / OSINT Framework / Search Engines / General Search
Stract,https://stract.com/,OSINT resource under:  / OSINT Framework / Search Engines / General Search
Shuriken,http://shuriken.pm,OSINT resource under:  / OSINT Framework / Search Engines / Meta Search
iSEEK,http://iseek.com/iseek/home.page,OSINT resource under:  / OSINT Framework / Search Engines / Meta Search
Biznar,http://biznar.com/biznar/desktop/en/search.html,OSINT resource under:  / OSINT Framework / Search Engines / Meta Search
eTools.ch,https://www.etools.ch/,OSINT resource under:  / OSINT Framework / Search Engines / Meta Search
searx.me,https://searx.me/,OSINT resource under:  / OSINT Framework / Search Engines / Meta Search
WhosTalkin,http://www.whostalkin.com/,OSINT resource under:  / OSINT Framework / Search Engines / Meta Search
AnswerThePublic.com,http://answerthepublic.com/,OSINT resource under:  / OSINT Framework / Search Engines / Meta Search
PublicWWW,https://publicwww.com/,OSINT resource under:  / OSINT Framework / Search Engines / Code Search
Searchcode,https://searchcode.com/,OSINT resource under:  / OSINT Framework / Search Engines / Code Search
NerdyData,https://nerdydata.com/search,OSINT resource under:  / OSINT Framework / Search Engines / Code Search
Gitrob (T),https://github.com/michenriksen/gitrob,OSINT resource under:  / OSINT Framework / Search Engines / Code Search
Github-Dorks (T),https://github.com/techgaun/github-dorks,OSINT resource under:  / OSINT Framework / Search Engines / Code Search
GitLeaks,https://github.com/zricethezav/gitleaks,OSINT resource under:  / OSINT Framework / Search Engines / Code Search
GlobalFile,https://globalfilesearch.com/,OSINT resource under:  / OSINT Framework / Search Engines / FTP Search
FTP Google Dork (D),https://www.google.com/search?q=inurl%3Aftp+-inurl%3Ahttp+-inurl%3Ahttps+ftpsearchterm,OSINT resource under:  / OSINT Framework / Search Engines / FTP Search
Napalm FTP,http://www.searchftps.net/,OSINT resource under:  / OSINT Framework / Search Engines / FTP Search
PubPeer,https://pubpeer.com/,OSINT resource under:  / OSINT Framework / Search Engines / Academic / Publication Search
Bielefeld Academic Search Engine,https://www.base-search.net/Search/Advanced,OSINT resource under:  / OSINT Framework / Search Engines / Academic / Publication Search
Google Scholar,https://scholar.google.com/,OSINT resource under:  / OSINT Framework / Search Engines / Academic / Publication Search
PubMed - National Center for Biotechnology Information,http://www.ncbi.nlm.nih.gov/pubmed/,OSINT resource under:  / OSINT Framework / Search Engines / Academic / Publication Search
Social Science Research Network,http://ssrn.com/en/,OSINT resource under:  / OSINT Framework / Search Engines / Academic / Publication Search
Open Library,https://openlibrary.org/,OSINT resource under:  / OSINT Framework / Search Engines / Academic / Publication Search
World Digital Library,https://www.wdl.org/en/,OSINT resource under:  / OSINT Framework / Search Engines / Academic / Publication Search
JURN,http://jurn.org/#gsc.tab=0,OSINT resource under:  / OSINT Framework / Search Engines / Academic / Publication Search
HathiTrust Digital Library,https://www.hathitrust.org/,OSINT resource under:  / OSINT Framework / Search Engines / Academic / Publication Search
UK National Archives,http://discovery.nationalarchives.gov.uk/,OSINT resource under:  / OSINT Framework / Search Engines / Academic / Publication Search
OpenGrey EU Papers,http://opengrey.eu/,OSINT resource under:  / OSINT Framework / Search Engines / Academic / Publication Search
US Gov Publishing Office - FDsys,https://www.gpo.gov/fdsys/,OSINT resource under:  / OSINT Framework / Search Engines / Academic / Publication Search
OpenDOAR,http://www.opendoar.org/search.php,OSINT resource under:  / OSINT Framework / Search Engines / Academic / Publication Search
Microsoft Academic,https://academic.microsoft.com/,OSINT resource under:  / OSINT Framework / Search Engines / Academic / Publication Search
Science Direct,http://www.sciencedirect.com/,OSINT resource under:  / OSINT Framework / Search Engines / Academic / Publication Search
PQDT Open,http://pqdtopen.proquest.com/search.html,OSINT resource under:  / OSINT Framework / Search Engines / Academic / Publication Search
Think Tank Search,http://guides.library.harvard.edu/hks/think_tank_search,OSINT resource under:  / OSINT Framework / Search Engines / Academic / Publication Search
Library Databases,http://guides.uflib.ufl.edu/az.php,OSINT resource under:  / OSINT Framework / Search Engines / Academic / Publication Search
Copyscape Plagiarism Checker,http://copyscape.com/,OSINT resource under:  / OSINT Framework / Search Engines / Academic / Publication Search
Lazy Scholar (T),http://www.lazyscholar.org/,OSINT resource under:  / OSINT Framework / Search Engines / Academic / Publication Search
Open Access Scholarly Journals,http://www.pagepress.org/,OSINT resource under:  / OSINT Framework / Search Engines / Academic / Publication Search
The Open Syllabus Project,http://explorer.opensyllabusproject.org/,OSINT resource under:  / OSINT Framework / Search Engines / Academic / Publication Search
Science Publications,http://www.thescipub.com/,OSINT resource under:  / OSINT Framework / Search Engines / Academic / Publication Search
arXiv.org,https://arxiv.org/,OSINT resource under:  / OSINT Framework / Search Engines / Academic / Publication Search
Paperboy Online Newspapers,http://www.thepaperboy.com/,OSINT resource under:  / OSINT Framework / Search Engines / News Search
Google News Search,https://news.google.com/news/advanced_news_search?,OSINT resource under:  / OSINT Framework / Search Engines / News Search
Flipboard,https://flipboard.com/,OSINT resource under:  / OSINT Framework / Search Engines / News Search
YouGotTheNews,http://www.yougotthenews.com/,OSINT resource under:  / OSINT Framework / Search Engines / News Search
NewspaperARCHIVE.com,http://newspaperarchive.com/,OSINT resource under:  / OSINT Framework / Search Engines / News Search
PressReader.com,http://www.pressreader.com/,OSINT resource under:  / OSINT Framework / Search Engines / News Search
Newspaper Map,http://newspapermap.com/,OSINT resource under:  / OSINT Framework / Search Engines / News Search
NewsBrief,http://emm.newsbrief.eu/NewsBrief/clusteredition/en/latest.html,OSINT resource under:  / OSINT Framework / Search Engines / News Search
AllYouCanRead.com,http://www.allyoucanread.com/,OSINT resource under:  / OSINT Framework / Search Engines / News Search
World News,https://wn.com/#/search,OSINT resource under:  / OSINT Framework / Search Engines / News Search
NewsNow.co.uk,http://www.newsnow.co.uk/h/,OSINT resource under:  / OSINT Framework / Search Engines / News Search
Hubii,http://hubii.com/,OSINT resource under:  / OSINT Framework / Search Engines / News Search
Inshorts,https://www.inshorts.com/en/read,OSINT resource under:  / OSINT Framework / Search Engines / News Search
NewsBot,https://getnewsbot.com/,OSINT resource under:  / OSINT Framework / Search Engines / News Search
Colossus International Engine List,http://www.searchenginecolossus.com/,OSINT resource under:  / OSINT Framework / Search Engines / Other Search
AOL Search Database,http://search-id.com/,OSINT resource under:  / OSINT Framework / Search Engines / Other Search
Zenodo,https://zenodo.org/,OSINT resource under:  / OSINT Framework / Search Engines / Other Search
EntityCube,http://entitycube.research.microsoft.com/,OSINT resource under:  / OSINT Framework / Search Engines / Other Search
FindTheData A Research Engine,http://www.findthedata.com/,OSINT resource under:  / OSINT Framework / Search Engines / Other Search
Million Short,https://millionshort.com/,OSINT resource under:  / OSINT Framework / Search Engines / Search Tools
SearchDiggity (T),http://www.bishopfox.com/download/405/,OSINT resource under:  / OSINT Framework / Search Engines / Search Tools
Scanner-inurlbr (T),https://github.com/googleinurl/SCANNER-INURLBR,OSINT resource under:  / OSINT Framework / Search Engines / Search Tools
Google Alerts,https://www.google.com/alerts#,OSINT resource under:  / OSINT Framework / Search Engines / Search Tools
Google Custom Search Engine,https://cse.google.com/cse/,OSINT resource under:  / OSINT Framework / Search Engines / Search Tools
pagodo - Passive Google Dork (T),https://github.com/opsdisk/pagodo,OSINT resource under:  / OSINT Framework / Search Engines / Search Tools
Talkwalker Alerts,http://www.talkwalker.com/alerts,OSINT resource under:  / OSINT Framework / Search Engines / Search Tools
Google Trends,https://trends.google.com/trends/,OSINT resource under:  / OSINT Framework / Search Engines / Search Tools
Google Hacking Database,https://www.exploit-db.com/google-hacking-database/,OSINT resource under:  / OSINT Framework / Search Engines / Search Engine Guides
Google Search Operators Guide,http://googleguide.com/advanced_operators_reference.html,OSINT resource under:  / OSINT Framework / Search Engines / Search Engine Guides
Google Guide Cheat Sheet,http://googleguide.com/help/calculator.html,OSINT resource under:  / OSINT Framework / Search Engines / Search Engine Guides
Hoaxy,https://hoaxy.iuni.iu.edu/,OSINT resource under:  / OSINT Framework / Search Engines / Fact Checking
Africa Check,https://africacheck.org/,OSINT resource under:  / OSINT Framework / Search Engines / Fact Checking
PolitiFact,http://www.politifact.com/,OSINT resource under:  / OSINT Framework / Search Engines / Fact Checking
SciCheck,http://www.factcheck.org/scicheck/,OSINT resource under:  / OSINT Framework / Search Engines / Fact Checking
Duke Reporters' Lab,http://reporterslab.org/fact-checking/,OSINT resource under:  / OSINT Framework / Search Engines / Fact Checking
Stop Fake Tools,http://www.stopfake.org/en/category/tools/,OSINT resource under:  / OSINT Framework / Search Engines / Fact Checking
Snopes,http://www.snopes.com/,OSINT resource under:  / OSINT Framework / Search Engines / Fact Checking
Verification Handbook,http://verificationhandbook.com/,OSINT resource under:  / OSINT Framework / Search Engines / Fact Checking
Verification Junkie,http://verificationjunkie.com/,OSINT resource under:  / OSINT Framework / Search Engines / Fact Checking
MediaBugs,http://mediabugs.org/,OSINT resource under:  / OSINT Framework / Search Engines / Fact Checking
BoardReader,http://boardreader.com/,OSINT resource under:  / OSINT Framework / Forums / Blogs / IRC / Forum Search Engines
Omgili,http://omgili.com/,OSINT resource under:  / OSINT Framework / Forums / Blogs / IRC / Forum Search Engines
Craigslist Forums,https://forums.craigslist.org/,OSINT resource under:  / OSINT Framework / Forums / Blogs / IRC / Forum Search Engines
Delphi Forum Search,http://www.delphiforums.com/,OSINT resource under:  / OSINT Framework / Forums / Blogs / IRC / Forum Search Engines
Google Groups Search,https://groups.google.com/forum/#!overview,OSINT resource under:  / OSINT Framework / Forums / Blogs / IRC / Forum Search Engines
Live Journal Seek,http://ljseek.com/,OSINT resource under:  / OSINT Framework / Forums / Blogs / IRC / Blog Search Engines
Topix,http://www.topix.com/search/article?q=,OSINT resource under:  / OSINT Framework / Forums / Blogs / IRC / Blog Search Engines
Blog Search Engine,http://www.blogsearchengine.org/,OSINT resource under:  / OSINT Framework / Forums / Blogs / IRC / Blog Search Engines
Mibbit,http://search.mibbit.com/,OSINT resource under:  / OSINT Framework / Forums / Blogs / IRC / IRC Search
ircsnapshot (T),https://github.com/bwall/ircsnapshot,OSINT resource under:  / OSINT Framework / Forums / Blogs / IRC / IRC Search
netsplit.de,http://irc.netsplit.de/channels/search.php,OSINT resource under:  / OSINT Framework / Forums / Blogs / IRC / IRC Search
Internet Archive: Wayback Machine,https://archive.org/web/,OSINT resource under:  / OSINT Framework / Archives / Web
Archive.is,https://archive.is/,OSINT resource under:  / OSINT Framework / Archives / Web
WebCite,http://webcitation.org/query,OSINT resource under:  / OSINT Framework / Archives / Web
Cached View,http://cachedview.com/,OSINT resource under:  / OSINT Framework / Archives / Web
Cached Pages,http://www.cachedpages.com/,OSINT resource under:  / OSINT Framework / Archives / Web
Textfiles.com,http://textfiles.com/,OSINT resource under:  / OSINT Framework / Archives / Web
UK Web Archive,http://www.webarchive.org.uk/ukwa/,OSINT resource under:  / OSINT Framework / Archives / Web
Screenshots.com,http://www.screenshots.com/,OSINT resource under:  / OSINT Framework / Archives / Web
Wayback Machine - Beta Search,https://web-beta.archive.org/#/,OSINT resource under:  / OSINT Framework / Archives / Web
Common Crawl,http://commoncrawl.org/,OSINT resource under:  / OSINT Framework / Archives / Web
Wayback Machine Chrome Extension,https://chrome.google.com/webstore/detail/wayback-machine/fpnmgdkabkmnadcjpehmlllkndpkmiak,OSINT resource under:  / OSINT Framework / Archives / Web
PDF My URL,http://pdfmyurl.com/,OSINT resource under:  / OSINT Framework / Archives / Web
Common Crawl,http://commoncrawl.org/,OSINT resource under:  / OSINT Framework / Archives / Web
Anna's Archive,https://annas-archive.org/,OSINT resource under:  / OSINT Framework / Archives / Web
Browsershots,http://browsershots.org/,OSINT resource under:  / OSINT Framework / Archives / Web
Waybackpack (T),https://github.com/jsvine/waybackpack,OSINT resource under:  / OSINT Framework / Archives / Web
Web Archive-RU,https://web-arhive.ru/,OSINT resource under:  / OSINT Framework / Archives / Web
Databases.Today,https://databases.today/,OSINT resource under:  / OSINT Framework / Archives / Data Leaks
Cryptome,http://cryptome.org/,OSINT resource under:  / OSINT Framework / Archives / Data Leaks
WikiLeaks,https://wikileaks.org/,OSINT resource under:  / OSINT Framework / Archives / Data Leaks
Labled Faces in the Wild DB,http://vis-www.cs.umass.edu/lfw/,OSINT resource under:  / OSINT Framework / Archives / Public Datasets
VisualGenome,http://visualgenome.org/,OSINT resource under:  / OSINT Framework / Archives / Public Datasets
UCI Spambase Data Set,https://archive.ics.uci.edu/ml/datasets/Spambase,OSINT resource under:  / OSINT Framework / Archives / Public Datasets
Stanford Large Network Dataset Collection,http://snap.stanford.edu/data/#amazon,OSINT resource under:  / OSINT Framework / Archives / Public Datasets
Library of Congress: Digitized Newspapers - 1836-1922,http://chroniclingamerica.loc.gov/,OSINT resource under:  / OSINT Framework / Archives / Other Media
Library of Congress: Newspaper Directory - 1690-Present,http://chroniclingamerica.loc.gov/search/titles/,OSINT resource under:  / OSINT Framework / Archives / Other Media
TV Closed Caption Search,https://archive.org/details/tv,OSINT resource under:  / OSINT Framework / Archives / Other Media
DeepL Translator,https://www.deepl.com/,OSINT resource under:  / OSINT Framework / Language Translation / Text
Google Translate,https://translate.google.com/,OSINT resource under:  / OSINT Framework / Language Translation / Text
Google Input Tools,https://www.google.com/inputtools/try/,OSINT resource under:  / OSINT Framework / Language Translation / Text
Bing Translate,http://www.bing.com/translator/,OSINT resource under:  / OSINT Framework / Language Translation / Text
Word Reference,https://www.wordreference.com/,OSINT resource under:  / OSINT Framework / Language Translation / Text
Dictionary.com Translator,http://translate.reference.com/,OSINT resource under:  / OSINT Framework / Language Translation / Text
Free Translation,https://www.freetranslation.com/,OSINT resource under:  / OSINT Framework / Language Translation / Text
Free Online Translation,http://www.worldlingo.com/en/products_services/worldlingo_translator.html,OSINT resource under:  / OSINT Framework / Language Translation / Text
Wiktionary,https://www.wiktionary.org/,OSINT resource under:  / OSINT Framework / Language Translation / Text
Slangit - The Slang Dictionary,https://slangit.com/,OSINT resource under:  / OSINT Framework / Language Translation / Text
Slang Dictionary & Translator,http://www.noslang.com/,OSINT resource under:  / OSINT Framework / Language Translation / Text
Urban Dictionary,http://www.urbandictionary.com/,OSINT resource under:  / OSINT Framework / Language Translation / Text
Online OCR,http://www.free-ocr.com/,OSINT resource under:  / OSINT Framework / Language Translation / Pictures
i2OCR,http://www.i2ocr.com/,OSINT resource under:  / OSINT Framework / Language Translation / Pictures
New OCR,https://www.newocr.com/,OSINT resource under:  / OSINT Framework / Language Translation / Pictures
Online OCR,http://www.onlineocr.net/,OSINT resource under:  / OSINT Framework / Language Translation / Pictures
Eleven Labs Dubbing,https://elevenlabs.io/dubbing,OSINT resource under:  / OSINT Framework / Language Translation / Videos
WhatTheFont,https://www.myfonts.com/WhatTheFont/,OSINT resource under:  / OSINT Framework / Language Translation / Analysis
ExifTool (T),http://www.sno.phy.queensu.ca/~phil/exiftool/,OSINT resource under:  / OSINT Framework / Metadata
Metagoofil (T),http://www.edge-security.com/metagoofil.php,OSINT resource under:  / OSINT Framework / Metadata
FOCA (T),https://github.com/ElevenPaths/FOCA,OSINT resource under:  / OSINT Framework / Metadata
CodeTwo Outlook Export (T),http://www.codetwo.com/freeware/outlook-export/,OSINT resource under:  / OSINT Framework / Metadata
Genymotion (T),https://www.genymotion.com/,OSINT resource under:  / OSINT Framework / Mobile Emulation / Android / Emulation Tools
BlueStacks 2 (T),http://www.bluestacks.com/,OSINT resource under:  / OSINT Framework / Mobile Emulation / Android / Emulation Tools
Andy Android Emulator (T),http://www.andyroid.net/,OSINT resource under:  / OSINT Framework / Mobile Emulation / Android / Emulation Tools
Nox App Player,https://www.bignox.com/,OSINT resource under:  / OSINT Framework / Mobile Emulation / Android / Emulation Tools
Facebook (T),https://play.google.com/store/apps/details?id=com.facebook.katana,OSINT resource under:  / OSINT Framework / Mobile Emulation / Android / Apps / Social Networking
LinkedIn (T),https://play.google.com/store/apps/details?id=com.linkedin.android,OSINT resource under:  / OSINT Framework / Mobile Emulation / Android / Apps / Social Networking
Twitter (T),https://play.google.com/store/apps/details?id=com.twitter.android,OSINT resource under:  / OSINT Framework / Mobile Emulation / Android / Apps / Social Networking
Pinterest (T),https://play.google.com/store/apps/details?id=com.pinterest,OSINT resource under:  / OSINT Framework / Mobile Emulation / Android / Apps / Social Networking
Signal Private Messenger (T),https://play.google.com/store/apps/details?id=org.thoughtcrime.securesms,OSINT resource under:  / OSINT Framework / Mobile Emulation / Android / Apps / Instant Messaging
"Riot.im - Communicate, your way (T)",https://play.google.com/store/apps/details?id=im.vector.app,OSINT resource under:  / OSINT Framework / Mobile Emulation / Android / Apps / Instant Messaging
Telegram (T),https://play.google.com/store/apps/details?id=org.telegram.messenger,OSINT resource under:  / OSINT Framework / Mobile Emulation / Android / Apps / Instant Messaging
Snapchat (T),https://play.google.com/store/apps/details?id=com.snapchat.android,OSINT resource under:  / OSINT Framework / Mobile Emulation / Android / Apps / Instant Messaging
WhatsApp Messenger (T),https://play.google.com/store/apps/details?id=com.whatsapp,OSINT resource under:  / OSINT Framework / Mobile Emulation / Android / Apps / Instant Messaging
Kik (T),https://play.google.com/store/apps/details?id=kik.android,OSINT resource under:  / OSINT Framework / Mobile Emulation / Android / Apps / Instant Messaging
Yik Yak (T),https://play.google.com/store/apps/details?id=com.yik.yak,OSINT resource under:  / OSINT Framework / Mobile Emulation / Android / Apps / Instant Messaging
LINE (T),https://play.google.com/store/apps/details?id=jp.naver.line.android,OSINT resource under:  / OSINT Framework / Mobile Emulation / Android / Apps / Instant Messaging
Instagram (T),https://play.google.com/store/apps/details?id=com.instagram.android,OSINT resource under:  / OSINT Framework / Mobile Emulation / Android / Apps / Pictures
Flickr (T),https://play.google.com/store/apps/details?id=com.yahoo.mobile.client.android.flickr,OSINT resource under:  / OSINT Framework / Mobile Emulation / Android / Apps / Pictures
Periscope (T),https://play.google.com/store/apps/details?id=tv.periscope.android,OSINT resource under:  / OSINT Framework / Mobile Emulation / Android / Apps / Streaming Video
Meerkat (T),https://play.google.com/store/apps/details?id=co.getair.meerkat,OSINT resource under:  / OSINT Framework / Mobile Emulation / Android / Apps / Streaming Video
Vine (T),https://play.google.com/store/apps/details?id=co.vine.android,OSINT resource under:  / OSINT Framework / Mobile Emulation / Android / Apps / Streaming Video
Truecaller (T),https://play.google.com/store/apps/details?id=com.truecaller,OSINT resource under:  / OSINT Framework / Mobile Emulation / Android / Apps
Global Terrorism Database,http://www.start.umd.edu/gtd/,OSINT resource under:  / OSINT Framework / Terrorism
Reddit Deep Web,https://www.reddit.com/r/deepweb,OSINT resource under:  / OSINT Framework / Dark Web / General Info
Reddit Onions,https://www.reddit.com/r/onions,OSINT resource under:  / OSINT Framework / Dark Web / General Info
Reddit Darknet,https://www.reddit.com/r/darknet,OSINT resource under:  / OSINT Framework / Dark Web / General Info
Tor Download (T),https://www.torproject.org/download/download-easy.html.en,OSINT resource under:  / OSINT Framework / Dark Web / Clients
Freenet Project (T),https://freenetproject.org/pages/download.html,OSINT resource under:  / OSINT Framework / Dark Web / Clients
I2P Anonymous Network (T),https://geti2p.net/en/,OSINT resource under:  / OSINT Framework / Dark Web / Clients
OnionScan,https://github.com/s-rah/onionscan,OSINT resource under:  / OSINT Framework / Dark Web / Discovery
TorBot,https://github.com/DedSecInside/TorBot,OSINT resource under:  / OSINT Framework / Dark Web / Discovery
Tor Scan,http://www.torscan.io/,OSINT resource under:  / OSINT Framework / Dark Web / Discovery
Onioff,https://github.com/k4m4/onioff,OSINT resource under:  / OSINT Framework / Dark Web / Discovery
Hunchly Hidden Services Report,https://darkweb.hunch.ly/,OSINT resource under:  / OSINT Framework / Dark Web / Discovery
docker-onion-nmap (T),https://github.com/milesrichardson/docker-onion-nmap,OSINT resource under:  / OSINT Framework / Dark Web / Discovery
Onion Investigator,https://oint.ctrlbox.com/,OSINT resource under:  / OSINT Framework / Dark Web / Discovery
Onion Cab,https://onion.cab/,OSINT resource under:  / OSINT Framework / Dark Web / TOR Search
OnionLink,http://www.onion.link/,OSINT resource under:  / OSINT Framework / Dark Web / TOR Search
Candle,http://gjobqjj7wyczbqie.onion/,OSINT resource under:  / OSINT Framework / Dark Web / TOR Search
Not Evil,http://hss3uro2hsxfogfq.onion/,OSINT resource under:  / OSINT Framework / Dark Web / TOR Search
Tor66,http://tor66sezptuu2nta.onion/,OSINT resource under:  / OSINT Framework / Dark Web / TOR Search
dark.fail,http://darkfailllnkf4vf.onion/,OSINT resource under:  / OSINT Framework / Dark Web / TOR Search
Ahmia,https://ahmia.fi/,OSINT resource under:  / OSINT Framework / Dark Web / TOR Search
Hidden Wiki,http://thehiddenwiki.org/,OSINT resource under:  / OSINT Framework / Dark Web / TOR Directories
Core.onion,http://eqt5g4fuenphqinx.onion/,OSINT resource under:  / OSINT Framework / Dark Web / TOR Directories
Web O Proxy,https://weboproxy.com/,OSINT resource under:  / OSINT Framework / Dark Web
IACA Dark Web Investigation Support,https://iaca-darkweb-tools.com/,OSINT resource under:  / OSINT Framework / Dark Web
OXT,https://oxt.me,OSINT resource under:  / OSINT Framework / Digital Currency / Bitcoin
Blocktrail,https://www.blocktrail.com/BTC,OSINT resource under:  / OSINT Framework / Digital Currency / Bitcoin
Blockchain.info,https://blockchain.info/,OSINT resource under:  / OSINT Framework / Digital Currency / Bitcoin
Block Explorer,https://blockexplorer.com/,OSINT resource under:  / OSINT Framework / Digital Currency / Bitcoin
Blockr.io,http://blockr.io/,OSINT resource under:  / OSINT Framework / Digital Currency / Bitcoin
BitRef,https://bitref.com/,OSINT resource under:  / OSINT Framework / Digital Currency / Bitcoin
Wallet Explorer,https://www.walletexplorer.com/,OSINT resource under:  / OSINT Framework / Digital Currency / Bitcoin
Graphsense,https://graphsense.info/,OSINT resource under:  / OSINT Framework / Digital Currency / Bitcoin
Blockonomics,https://www.blockonomics.co/,OSINT resource under:  / OSINT Framework / Digital Currency / Bitcoin
Bitcoin Who's Who,http://bitcoinwhoswho.com/,OSINT resource under:  / OSINT Framework / Digital Currency / Bitcoin
Orbit (T),https://github.com/s0md3v/Orbit,OSINT resource under:  / OSINT Framework / Digital Currency / Bitcoin
Ether.Camp,https://live.ether.camp/transactions,OSINT resource under:  / OSINT Framework / Digital Currency / Ethereum
etherchain.org,https://etherchain.org/accounts/,OSINT resource under:  / OSINT Framework / Digital Currency / Ethereum
Etherscan,https://etherscan.io/,OSINT resource under:  / OSINT Framework / Digital Currency / Ethereum
XMRChain.net,https://xmrchain.net/,OSINT resource under:  / OSINT Framework / Digital Currency / Monero
Monero Blocks,http://moneroblocks.info/,OSINT resource under:  / OSINT Framework / Digital Currency / Monero
Chain Radar,https://chainradar.com/xmr/blocks,OSINT resource under:  / OSINT Framework / Digital Currency / Monero
Craigslist,http://craigslist.org/,OSINT resource under:  / OSINT Framework / Classifieds
Kijiji - Canada Classifieds,http://www.kijiji.ca/,OSINT resource under:  / OSINT Framework / Classifieds
Quikr - India Classifieds,http://www.quikr.com/,OSINT resource under:  / OSINT Framework / Classifieds
eBay,http://www.ebay.com/,OSINT resource under:  / OSINT Framework / Classifieds
OfferUp,https://offerup.com/,OSINT resource under:  / OSINT Framework / Classifieds
Goofbid,http://www.goofbid.com/,OSINT resource under:  / OSINT Framework / Classifieds
Flippity,http://www.flippity.com/,OSINT resource under:  / OSINT Framework / Classifieds
SearchAllJunk,http://www.searchalljunk.com/,OSINT resource under:  / OSINT Framework / Classifieds
TotalCraigSearch,http://www.totalcraigsearch.com/,OSINT resource under:  / OSINT Framework / Classifieds
Search Tempest,http://www.searchtempest.com/,OSINT resource under:  / OSINT Framework / Classifieds
Oodle,http://www.oodle.com/,OSINT resource under:  / OSINT Framework / Classifieds
Claz.org,http://claz.org/,OSINT resource under:  / OSINT Framework / Classifieds
francais-a-londres.org - French Classifieds,http://francais-a-londres.org/,OSINT resource under:  / OSINT Framework / Classifieds
ClearImage Barcode Reader,http://online-barcode-reader.inliteresearch.com/,OSINT resource under:  / OSINT Framework / Encoding / Decoding / Barcodes / QR
JS Beautifier,http://jsbeautifier.org/,OSINT resource under:  / OSINT Framework / Encoding / Decoding / Javascript
JS NICE,http://jsnice.org/,OSINT resource under:  / OSINT Framework / Encoding / Decoding / Javascript
Firebug (T),https://getfirebug.com/downloads/,OSINT resource under:  / OSINT Framework / Encoding / Decoding / Javascript
SpiderMonkey (T),https://developer.mozilla.org/en-US/docs/Mozilla/Projects/SpiderMonkey,OSINT resource under:  / OSINT Framework / Encoding / Decoding / Javascript
Kahu Revelo (T),http://www.kahusecurity.com/tools/,OSINT resource under:  / OSINT Framework / Encoding / Decoding / Javascript
JavaScript Deobfuscator (T),https://addons.mozilla.org/en-US/firefox/addon/javascript-deobfuscator/,OSINT resource under:  / OSINT Framework / Encoding / Decoding / Javascript
DDecode - PHP Decoder,http://ddecode.com/phpdecoder/,OSINT resource under:  / OSINT Framework / Encoding / Decoding / PHP
XORSearch & XORStrings (T),http://blog.didierstevens.com/programs/xorsearch/,OSINT resource under:  / OSINT Framework / Encoding / Decoding / XOR / Unix
xortool (T),https://github.com/hellman/xortool,OSINT resource under:  / OSINT Framework / Encoding / Decoding / XOR / Unix
unxor (T),https://github.com/tomchop/unxor,OSINT resource under:  / OSINT Framework / Encoding / Decoding / XOR / Unix
Kahu Converter Utilities (T),http://www.kahusecurity.com/tools/,OSINT resource under:  / OSINT Framework / Encoding / Decoding / XOR / Windows
iheartxor.py (T),http://hooked-on-mnemonics.blogspot.com/p/iheartxor.html,OSINT resource under:  / OSINT Framework / Encoding / Decoding / XOR / Python
XORBruteForcer.py (T),http://eternal-todo.com/var/scripts/xorbruteforcer,OSINT resource under:  / OSINT Framework / Encoding / Decoding / XOR / Python
NoMoreXOR.py (T),https://github.com/hiddenillusion/NoMoreXOR,OSINT resource under:  / OSINT Framework / Encoding / Decoding / XOR / Python
Balbuzard (T),https://bitbucket.org/decalage/balbuzard,OSINT resource under:  / OSINT Framework / Encoding / Decoding / XOR / Python
CyberChef,https://gchq.github.io/CyberChef/,OSINT resource under:  / OSINT Framework / Encoding / Decoding
Functions Online,https://www.functions-online.com/,OSINT resource under:  / OSINT Framework / Encoding / Decoding
DataSploit (T),https://github.com/datasploit/datasploit/,OSINT resource under:  / OSINT Framework / Tools / OSINT Automation
SpiderFoot (T),http://www.spiderfoot.net/,OSINT resource under:  / OSINT Framework / Tools / OSINT Automation
ThreatPipes (T),https://www.threatpipes.com,OSINT resource under:  / OSINT Framework / Tools / OSINT Automation
Omnibus (T),https://github.com/InQuest/omnibus,OSINT resource under:  / OSINT Framework / Tools / OSINT Automation
Photon (T),https://github.com/s0md3v/Photon,OSINT resource under:  / OSINT Framework / Tools / OSINT Automation
ReconDog (T),https://github.com/s0md3v/ReconDog,OSINT resource under:  / OSINT Framework / Tools / OSINT Automation
IFTTT,https://ifttt.com/,OSINT resource under:  / OSINT Framework / Tools / OSINT Automation
Stringify,https://www.stringify.com/,OSINT resource under:  / OSINT Framework / Tools / OSINT Automation
Intrigue.io (T),https://intrigue.io/,OSINT resource under:  / OSINT Framework / Tools / OSINT Automation
OSRFramework (T),https://github.com/i3visio/osrframework,OSINT resource under:  / OSINT Framework / Tools / OSINT Automation
Inquisitor (T),https://github.com/penafieljlm/inquisitor,OSINT resource under:  / OSINT Framework / Tools / OSINT Automation
AutoOSINT (T),https://github.com/bharshbarger/AutOSINT,OSINT resource under:  / OSINT Framework / Tools / OSINT Automation
IntRec-Pack (T),https://github.com/NullArray/IntRec-Pack,OSINT resource under:  / OSINT Framework / Tools / OSINT Automation
OSINT-SPY (T),https://github.com/SharadKumar97/OSINT-SPY,OSINT resource under:  / OSINT Framework / Tools / OSINT Automation
Microsoft Flow,https://flow.microsoft.com/en-us/,OSINT resource under:  / OSINT Framework / Tools / OSINT Automation
PhoneInfoga (T),https://github.com/sundowndev/PhoneInfoga,OSINT resource under:  / OSINT Framework / Tools / OSINT Automation
IntelligenceX,https://intelx.io/,OSINT resource under:  / OSINT Framework / Tools / OSINT Automation
Analyst Research Tools,https://analystresearchtools.com,OSINT resource under:  / OSINT Framework / Tools / OSINT Automation
Low Hanging Fruit (T),https://github.com/blindfuzzy/LHF,OSINT resource under:  / OSINT Framework / Tools / Pentesting Recon
VMware Workstation Player (T),http://www.vmware.com/products/player/playerpro-evaluation.html,OSINT resource under:  / OSINT Framework / Tools / Virtual Machines
VirtualBox (T),https://www.virtualbox.org/,OSINT resource under:  / OSINT Framework / Tools / Virtual Machines
Buscador OS (T),https://inteltechniques.com/buscador/index.html,OSINT resource under:  / OSINT Framework / Tools / Virtual Machines
Kali Linux OS (T),https://www.kali.org/,OSINT resource under:  / OSINT Framework / Tools / Virtual Machines
ParrotSec OS (T),https://www.parrotsec.org/,OSINT resource under:  / OSINT Framework / Tools / Virtual Machines
Microsoft Edge Development OS VMs (T),https://developer.microsoft.com/en-us/microsoft-edge/tools/vms/,OSINT resource under:  / OSINT Framework / Tools / Virtual Machines
Subgraph OS (T),https://subgraph.com/index.en.html,OSINT resource under:  / OSINT Framework / Tools / Virtual Machines
Tails Live OS (T),https://tails.boum.org/,OSINT resource under:  / OSINT Framework / Tools / Virtual Machines
Whonix (T),https://www.whonix.org/wiki/Main_Page,OSINT resource under:  / OSINT Framework / Tools / Virtual Machines
OWASP D4N155 (T),https://github.com/OWASP/D4N155,OSINT resource under:  / OSINT Framework / Tools / Wordlist
W Generator,https://app.wgen.io/,OSINT resource under:  / OSINT Framework / Tools / Wordlist
Paterva / Maltego (T),https://www.maltego.com/,OSINT resource under:  / OSINT Framework / Tools
Overview,https://www.overviewdocs.com/,OSINT resource under:  / OSINT Framework / Tools
Online Nikto scanner,https://nikto.online/,OSINT resource under:  / OSINT Framework / Tools
ChatGPT (R),https://chatgpt.com/,OSINT resource under:  / OSINT Framework / AI Tools
DuckDuckGo AI Chat,https://duckduckgo.com/aichat,OSINT resource under:  / OSINT Framework / AI Tools
WormGPT-6 (R),https://flowgpt.com/p/wormgpt-6,OSINT resource under:  / OSINT Framework / AI Tools
InQuest Labs DFI/MalDoc Search,https://labs.inquest.net/dfi,OSINT resource under:  / OSINT Framework / Malicious File Analysis / Search
Decalage Malware Search,http://decalage.info/en/mwsearch,OSINT resource under:  / OSINT Framework / Malicious File Analysis / Search
VirusShare.com,https://virusshare.com/,OSINT resource under:  / OSINT Framework / Malicious File Analysis / Search
#totalhash,https://totalhash.cymru.com/,OSINT resource under:  / OSINT Framework / Malicious File Analysis / Search
VX Vault,http://vxvault.net/ViriList.php,OSINT resource under:  / OSINT Framework / Malicious File Analysis / Search
ID Ransomware,https://id-ransomware.malwarehunterteam.com/,OSINT resource under:  / OSINT Framework / Malicious File Analysis / Search
National Software Reference Library,http://nsrl.hashsets.com/national_software_reference_library1_search.php,OSINT resource under:  / OSINT Framework / Malicious File Analysis / Search
InQuest DFI Maldoc Analyzer,https://labs.inquest.net/dfi,OSINT resource under:  / OSINT Framework / Malicious File Analysis / Hosted Automated Analysis / Office Files
TYLabs QuickSand Framework,https://scan.tylabs.com/,OSINT resource under:  / OSINT Framework / Malicious File Analysis / Hosted Automated Analysis / Office Files
JoeSandbox Document Analyzer,http://www.document-analyzer.net/,OSINT resource under:  / OSINT Framework / Malicious File Analysis / Hosted Automated Analysis / Office Files
TYLabs QuickSand Framework,https://scan.tylabs.com/,OSINT resource under:  / OSINT Framework / Malicious File Analysis / Hosted Automated Analysis / PDFs
Akana Android Malware,http://akana.mobiseclab.org/,OSINT resource under:  / OSINT Framework / Malicious File Analysis / Hosted Automated Analysis / Android
Joe APK Analyzer,https://www.apk-analyzer.net/,OSINT resource under:  / OSINT Framework / Malicious File Analysis / Hosted Automated Analysis / Android
VirusTotal,https://www.virustotal.com/,OSINT resource under:  / OSINT Framework / Malicious File Analysis / Hosted Automated Analysis
OPSWAT Meta Defender,https://metadefender.opswat.com/#!/,OSINT resource under:  / OSINT Framework / Malicious File Analysis / Hosted Automated Analysis
Hybrid Analysis,https://www.hybrid-analysis.com/,OSINT resource under:  / OSINT Framework / Malicious File Analysis / Hosted Automated Analysis
Malware Config,https://malwareconfig.com/,OSINT resource under:  / OSINT Framework / Malicious File Analysis / Hosted Automated Analysis
Ether,http://ether.gtisc.gatech.edu/web_unpack,OSINT resource under:  / OSINT Framework / Malicious File Analysis / Hosted Automated Analysis
Jotti's Malware Scanner,https://virusscan.jotti.org/en-US/scan-file,OSINT resource under:  / OSINT Framework / Malicious File Analysis / Hosted Automated Analysis
Blueliv Sandbox,https://community.blueliv.com/#!/sandbox,OSINT resource under:  / OSINT Framework / Malicious File Analysis / Hosted Automated Analysis
Valkyrie File Analysis,https://consumer.valkyrie.comodo.com/,OSINT resource under:  / OSINT Framework / Malicious File Analysis / Hosted Automated Analysis
detux Linux Sandbox,https://detux.org/,OSINT resource under:  / OSINT Framework / Malicious File Analysis / Hosted Automated Analysis
Joe File Analyzer,https://www.file-analyzer.net/,OSINT resource under:  / OSINT Framework / Malicious File Analysis / Hosted Automated Analysis
Pikker.ee Cuckoo Sandbox,http://sandbox.pikker.ee/,OSINT resource under:  / OSINT Framework / Malicious File Analysis / Hosted Automated Analysis
Koodous,https://koodous.com,OSINT resource under:  / OSINT Framework / Malicious File Analysis / Hosted Automated Analysis
Any Run,https://app.any.run/,OSINT resource under:  / OSINT Framework / Malicious File Analysis / Hosted Automated Analysis
Uncover It,https://www.uncoverit.org/,OSINT resource under:  / OSINT Framework / Malicious File Analysis / Hosted Automated Analysis
Office Mal Scanner (T),http://www.reconstructer.org/,OSINT resource under:  / OSINT Framework / Malicious File Analysis / Office Files
OffVis (T),http://go.microsoft.com/fwlink/?LinkID=158791,OSINT resource under:  / OSINT Framework / Malicious File Analysis / Office Files
PDF Tools (T),http://blog.didierstevens.com/programs/pdf-tools/,OSINT resource under:  / OSINT Framework / Malicious File Analysis / PDFs
Origami Framework (T),https://code.google.com/archive/p/origami-pdf/,OSINT resource under:  / OSINT Framework / Malicious File Analysis / PDFs
Malware-Traffic-Analysis.net,http://www.malware-traffic-analysis.net/index.html,OSINT resource under:  / OSINT Framework / Malicious File Analysis / PCAPs
Ghidra (T),https://github.com/NationalSecurityAgency/ghidra,OSINT resource under:  / OSINT Framework / Malicious File Analysis
Malware Analysis Tools,http://malwareanalysis.tools/,OSINT resource under:  / OSINT Framework / Malicious File Analysis
virustotal,https://www.virustotal.com/gui/home/upload,OSINT resource under:  / OSINT Framework / Malicious File Analysis
Default Passwords DB,https://cirt.net/passwords,OSINT resource under:  / OSINT Framework / Exploits & Advisories / Default Passwords
Default passwords list,https://default-password.info/,OSINT resource under:  / OSINT Framework / Exploits & Advisories / Default Passwords
Default Password Lookup Utility,http://www.fortypoundhead.com/tools_dpw.asp,OSINT resource under:  / OSINT Framework / Exploits & Advisories / Default Passwords
Phenoelit Default Password List,http://phenoelit.org/dpl/dpl.html,OSINT resource under:  / OSINT Framework / Exploits & Advisories / Default Passwords
Default Router Passwords,http://routerpasswords.com/,OSINT resource under:  / OSINT Framework / Exploits & Advisories / Default Passwords
Open Sez Me Default Passwords,http://open-sez.me/,OSINT resource under:  / OSINT Framework / Exploits & Advisories / Default Passwords
Hashes.org,https://hashes.org/,OSINT resource under:  / OSINT Framework / Exploits & Advisories / Default Passwords
Vulert: Updated Open Source Vulnerability Database,https://vulert.com/vuln-db,OSINT resource under:  / OSINT Framework / Exploits & Advisories
MITRE ATT&CK,https://attack.mitre.org/,OSINT resource under:  / OSINT Framework / Exploits & Advisories
Exploit DB,https://www.exploit-db.com/,OSINT resource under:  / OSINT Framework / Exploits & Advisories
Packet Storm,https://packetstormsecurity.com/,OSINT resource under:  / OSINT Framework / Exploits & Advisories
SecurityFocus,http://www.securityfocus.com/bid,OSINT resource under:  / OSINT Framework / Exploits & Advisories
NVD - NIST,https://nvd.nist.gov/,OSINT resource under:  / OSINT Framework / Exploits & Advisories
OSV Vulnerability Library,https://osv.dev/list,OSINT resource under:  / OSINT Framework / Exploits & Advisories
Mend Vulnerability Database,https://www.mend.io/vulnerability-database/,OSINT resource under:  / OSINT Framework / Exploits & Advisories
CVE Details,http://www.cvedetails.com/,OSINT resource under:  / OSINT Framework / Exploits & Advisories
CVE - MITRE,http://cve.mitre.org/,OSINT resource under:  / OSINT Framework / Exploits & Advisories
OWASP,https://www.owasp.org/index.php/Main_Page,OSINT resource under:  / OSINT Framework / Exploits & Advisories
0day.today,http://0day.today/,OSINT resource under:  / OSINT Framework / Exploits & Advisories
Secunia,https://secuniaresearch.flexerasoftware.com/community/research/,OSINT resource under:  / OSINT Framework / Exploits & Advisories
Australian Cyber Security Centre,https://www.cyber.gov.au/,OSINT resource under:  / OSINT Framework / Exploits & Advisories
Canadian Centre for Cyber Security,https://cyber.gc.ca/,OSINT resource under:  / OSINT Framework / Exploits & Advisories
SecAI.ai,https://secai.ai/research,OSINT resource under:  / OSINT Framework / Threat Intelligence / Phishing
https://openphish.com/feed.txt,https://openphish.com/feed.txt,OSINT resource under:  / OSINT Framework / Threat Intelligence / Phishing
PhishTank,https://www.phishtank.com/,OSINT resource under:  / OSINT Framework / Threat Intelligence / Phishing
PhishStats,https://phishstats.info/,OSINT resource under:  / OSINT Framework / Threat Intelligence / Phishing
Jager,https://github.com/sroberts/jager,OSINT resource under:  / OSINT Framework / Threat Intelligence / IOC Tools
IOC Parser,https://github.com/armbues/ioc_parser,OSINT resource under:  / OSINT Framework / Threat Intelligence / IOC Tools
Cacador,https://github.com/sroberts/cacador,OSINT resource under:  / OSINT Framework / Threat Intelligence / IOC Tools
ThreatPinch Lookup,https://github.com/cloudtracer/ThreatPinchLookup,OSINT resource under:  / OSINT Framework / Threat Intelligence / IOC Tools
Mimir,https://github.com/NullArray/Mimir,OSINT resource under:  / OSINT Framework / Threat Intelligence / IOC Tools
iocextract (T),https://github.com/InQuest/python-iocextract,OSINT resource under:  / OSINT Framework / Threat Intelligence / IOC Tools
ThreatIngestor (T),https://github.com/InQuest/ThreatIngestor,OSINT resource under:  / OSINT Framework / Threat Intelligence / IOC Tools
Malware Exploit TTP Database,https://www.pwnmalw.re/,OSINT resource under:  / OSINT Framework / Threat Intelligence / TTPs
Mitre TTPs,https://attack.mitre.org/wiki/All_Techniques,OSINT resource under:  / OSINT Framework / Threat Intelligence / TTPs
IBM X-Force Exchange,https://exchange.xforce.ibmcloud.com/new,OSINT resource under:  / OSINT Framework / Threat Intelligence
Malware Information Sharing Platform,http://www.misp-project.org/,OSINT resource under:  / OSINT Framework / Threat Intelligence
Malware Patrol,https://www.malwarepatrol.net/open-source.shtml,OSINT resource under:  / OSINT Framework / Threat Intelligence
AlienVault OTX,https://otx.alienvault.com/,OSINT resource under:  / OSINT Framework / Threat Intelligence
FireHOL IP Lists,http://iplists.firehol.org/,OSINT resource under:  / OSINT Framework / Threat Intelligence
Maltiverse,https://maltiverse.com/start,OSINT resource under:  / OSINT Framework / Threat Intelligence
Malpedia,https://malpedia.caad.fkie.fraunhofer.de/library,OSINT resource under:  / OSINT Framework / Threat Intelligence
Project Honey Pot,http://www.projecthoneypot.org/,OSINT resource under:  / OSINT Framework / Threat Intelligence
Cymon Open Threat Intelligence,https://cymon.io/,OSINT resource under:  / OSINT Framework / Threat Intelligence
mlsecproject / combine,https://github.com/mlsecproject/combine,OSINT resource under:  / OSINT Framework / Threat Intelligence
hostintel - keithjjones Github,https://github.com/keithjjones/hostintel,OSINT resource under:  / OSINT Framework / Threat Intelligence
massive-octo-spice - csirtgadgets Github,https://github.com/csirtgadgets/massive-octo-spice,OSINT resource under:  / OSINT Framework / Threat Intelligence
Scam Database,https://www.scamdb.net,OSINT resource under:  / OSINT Framework / Threat Intelligence
Bot Scout,http://botscout.com/,OSINT resource under:  / OSINT Framework / Threat Intelligence
Blueliv Threat Exchange (R),https://community.blueliv.com/#!/discover,OSINT resource under:  / OSINT Framework / Threat Intelligence
APTnotes,https://github.com/aptnotes/data,OSINT resource under:  / OSINT Framework / Threat Intelligence
HoneyDB,https://riskdiscovery.com/honeydb/,OSINT resource under:  / OSINT Framework / Threat Intelligence
Pulsedive,https://pulsedive.com,OSINT resource under:  / OSINT Framework / Threat Intelligence
Mr.Looquer IOC Feed - 1st Dual Stack Threat Feed,https://iocfeed.mrlooquer.com,OSINT resource under:  / OSINT Framework / Threat Intelligence
REScure Cyber Threat Intelligence Project,https://rescure.me/feeds.html,OSINT resource under:  / OSINT Framework / Threat Intelligence
Fake Name Generator,http://www.fakenamegenerator.com/,OSINT resource under:  / OSINT Framework / OpSec / Persona Creation
Fake Identity Generator,http://justdelete.me/fake-identity-generator/,OSINT resource under:  / OSINT Framework / OpSec / Persona Creation
Random User Generator,https://randomuser.me/,OSINT resource under:  / OSINT Framework / OpSec / Persona Creation
Pexels,https://www.pexels.com/,OSINT resource under:  / OSINT Framework / OpSec / Persona Creation
Faker.js,https://cdn.rawgit.com/Marak/faker.js/master/examples/browser/index.html,OSINT resource under:  / OSINT Framework / OpSec / Persona Creation
Tor Download (T),https://www.torproject.org/download/download-easy.html.en,OSINT resource under:  / OSINT Framework / OpSec / Anonymous Browsing / TOR
Freenet Project (T),https://freenetproject.org/pages/download.html,OSINT resource under:  / OSINT Framework / OpSec / Anonymous Browsing / TOR
I2P Anonymous Network (T),https://geti2p.net/en/,OSINT resource under:  / OSINT Framework / OpSec / Anonymous Browsing / TOR
VPN Comparisons - That One Privacy Site,https://thatoneprivacysite.net/,OSINT resource under:  / OSINT Framework / OpSec / Anonymous Browsing / Anonymous VPNs
UserAgentString.com,http://www.useragentstring.com/pages/useragentstring.php,OSINT resource under:  / OSINT Framework / OpSec / Anonymous Browsing / Spoof User-Agent
WhatIsMyBrowser.com,https://www.whatismybrowser.com/,OSINT resource under:  / OSINT Framework / OpSec / Anonymous Browsing / Spoof User-Agent
User Agent String Decoder,http://tools.tracemyip.org/user-agent-string-decoder/,OSINT resource under:  / OSINT Framework / OpSec / Anonymous Browsing / Spoof User-Agent
IP / DNS Leak Detection,https://ipleak.net/,OSINT resource under:  / OSINT Framework / OpSec / Anonymous Browsing / VPN Tests
JonDonym,http://ip-check.info/?lang=en,OSINT resource under:  / OSINT Framework / OpSec / Anonymous Browsing / VPN Tests
DNS leak test,https://www.dnsleaktest.com/,OSINT resource under:  / OSINT Framework / OpSec / Anonymous Browsing / VPN Tests
DNS Leak Tests,http://dnsleak.com/,OSINT resource under:  / OSINT Framework / OpSec / Anonymous Browsing / VPN Tests
TorGuard,https://torguard.net/vpn-dns-leak-test.php,OSINT resource under:  / OSINT Framework / OpSec / Anonymous Browsing / VPN Tests
IPv6 Leak Tests,http://ipv6leak.com/,OSINT resource under:  / OSINT Framework / OpSec / Anonymous Browsing / VPN Tests
Email Leak Tests,http://emailipleak.com/,OSINT resource under:  / OSINT Framework / OpSec / Anonymous Browsing / VPN Tests
Perfect Privacy,https://www.perfect-privacy.com/check-ip/,OSINT resource under:  / OSINT Framework / OpSec / Anonymous Browsing / VPN Tests
WebRTC Leak Test,https://www.perfect-privacy.com/webrtc-leaktest/,OSINT resource under:  / OSINT Framework / OpSec / Anonymous Browsing / VPN Tests
LetMeCheck.it,http://letmecheck.it/,OSINT resource under:  / OSINT Framework / OpSec / Anonymous Browsing / VPN Tests
Trace My IP,http://www.tracemyip.org/,OSINT resource under:  / OSINT Framework / OpSec / Anonymous Browsing / VPN Tests
Browser Statistics,https://www.w3schools.com/browsers/default.asp,OSINT resource under:  / OSINT Framework / OpSec / Anonymous Browsing / Browser Tests
WhatsMyBrowser.org,http://www.whatsmybrowser.org/,OSINT resource under:  / OSINT Framework / OpSec / Anonymous Browsing / Browser Tests
What browser am I using.co,http://www.whatbrowseramiusing.co/,OSINT resource under:  / OSINT Framework / OpSec / Anonymous Browsing / Browser Tests
What Browser?,https://whatbrowser.org/,OSINT resource under:  / OSINT Framework / OpSec / Anonymous Browsing / Browser Tests
BrowserSpy.dk Browser Information,http://browserspy.dk/browser.php,OSINT resource under:  / OSINT Framework / OpSec / Anonymous Browsing / Browser Tests
Browserscope,http://www.browserscope.org/,OSINT resource under:  / OSINT Framework / OpSec / Anonymous Browsing / Browser Tests
Proxychecker,https://proxycheck.haschek.at/,OSINT resource under:  / OSINT Framework / OpSec / Anonymous Browsing / Proxy Tests
IP2Proxy,https://www.ip2proxy.com/,OSINT resource under:  / OSINT Framework / OpSec / Anonymous Browsing / Proxy Tests
NoScript (T),https://noscript.net/,OSINT resource under:  / OSINT Framework / OpSec / Anonymous Browsing
Firefox-debloat,https://github.com/amq/firefox-debloat,OSINT resource under:  / OSINT Framework / OpSec / Anonymous Browsing
Browser Leaks,https://browserleaks.com/,OSINT resource under:  / OSINT Framework / OpSec / Anonymous Browsing
Self-Destructing Cookies (T),https://addons.mozilla.org/en-US/firefox/addon/self-destructing-cookies/,OSINT resource under:  / OSINT Framework / OpSec / Anonymous Browsing
BrowserSpy.dk,http://browserspy.dk/,OSINT resource under:  / OSINT Framework / OpSec / Anonymous Browsing
LocaBrowser.com,http://www.locabrowser.com,OSINT resource under:  / OSINT Framework / OpSec / Anonymous Browsing
Privacy Guides,https://www.privacyguides.org/en/,OSINT resource under:  / OSINT Framework / OpSec / Privacy / Clean Up
Just Delete Me,http://backgroundchecks.org/justdeleteme/,OSINT resource under:  / OSINT Framework / OpSec / Privacy / Clean Up
The Internet Privacy Handbook,https://www.safeshepherd.com/handbook,OSINT resource under:  / OSINT Framework / OpSec / Privacy / Clean Up
OptOut Credit Prescreen,https://www.optoutprescreen.com/?rf=t,OSINT resource under:  / OSINT Framework / OpSec / Privacy / Clean Up
Credit Freeze,https://inteltechniques.com/blog/2018/09/28/complete-credit-freeze-tutorial-update/,OSINT resource under:  / OSINT Framework / OpSec / Privacy / Clean Up
Fake US Identities,http://xdd2.org/,OSINT resource under:  / OSINT Framework / OpSec / Privacy / Clean Up
Social Media Fingerprint,https://robinlinus.github.io/socialmedia-leak/,OSINT resource under:  / OSINT Framework / OpSec / Privacy / Clean Up
Privacy Tools,https://www.privacytools.io/,OSINT resource under:  / OSINT Framework / OpSec / Privacy / Clean Up
Panopticlick,https://panopticlick.eff.org/,OSINT resource under:  / OSINT Framework / OpSec / Privacy / Clean Up
Intel Techniques - Hiding from the Internet,https://inteltechniques.com/data/workbook.pdf,OSINT resource under:  / OSINT Framework / OpSec / Privacy / Clean Up
The Many Hats Club - Privacy Resources,https://themanyhats.club/centralised-place-for-privacy-resources/,OSINT resource under:  / OSINT Framework / OpSec / Privacy / Clean Up
The Hitchhiker’s Guide to Online Anonymity,https://anonymousplanet.org/guide/,OSINT resource under:  / OSINT Framework / OpSec / Privacy / Clean Up
Anonymouth - Document Anonymization (T),https://github.com/psal/anonymouth,OSINT resource under:  / OSINT Framework / OpSec / Metadata / Style
Hunchly (T),http://www.hunch.ly/,OSINT resource under:  / OSINT Framework / Documentation / Evidence Capture / Web Browsing
Forensic OSINT (T),https://www.forensicosint.com/,OSINT resource under:  / OSINT Framework / Documentation / Evidence Capture / Web Browsing
Fiddler (T),https://www.telerik.com/download/fiddler,OSINT resource under:  / OSINT Framework / Documentation / Evidence Capture / Web Browsing
Burp Suite (T),https://portswigger.net/burp/download.html,OSINT resource under:  / OSINT Framework / Documentation / Evidence Capture / Web Browsing
Page2Images (T),http://www.page2images.com/URL-Live-Website-Screenshot-Generator,OSINT resource under:  / OSINT Framework / Documentation / Evidence Capture / Web Browsing
Archive.is,http://archive.is/,OSINT resource under:  / OSINT Framework / Documentation / Evidence Capture / Web Browsing
Web Page Saver,https://www.magnetforensics.com/free-tool-web-page-saver/,OSINT resource under:  / OSINT Framework / Documentation / Evidence Capture / Web Browsing
Snapper (T),https://github.com/dxa4481/Snapper,OSINT resource under:  / OSINT Framework / Documentation / Evidence Capture / Web Browsing
Full Page Screen Capture Chrome Extension (T),https://github.com/mrcoles/full-page-screen-capture-chrome-extension,OSINT resource under:  / OSINT Framework / Documentation / Evidence Capture / Web Browsing
EZR OSINT Sidebar (T),https://chromewebstore.google.com/detail/ezr-osint-sidebar/joagbbgciboooipadijeaoidjjigdmof,OSINT resource under:  / OSINT Framework / Documentation / Evidence Capture / Web Browsing
FRAPS (T),http://www.fraps.com/,OSINT resource under:  / OSINT Framework / Documentation / Evidence Capture / Screen Capture
ShareX (T),https://getsharex.com/,OSINT resource under:  / OSINT Framework / Documentation / Evidence Capture / Screen Capture
Greenshot (T),https://getgreenshot.org/,OSINT resource under:  / OSINT Framework / Documentation / Evidence Capture / Screen Capture
BatchGeo,https://batchgeo.com/,OSINT resource under:  / OSINT Framework / Documentation / Evidence Capture / Map Locations
Google Street View - Hyperlapse,https://github.com/TeehanLax/Hyperlapse.js,OSINT resource under:  / OSINT Framework / Documentation / Evidence Capture / Map Locations
Teehan+Lax Labs - Hyperlapse,http://labs.teehanlax.com/project/hyperlapse,OSINT resource under:  / OSINT Framework / Documentation / Evidence Capture / Map Locations
ZeeMaps,https://www.zeemaps.com/,OSINT resource under:  / OSINT Framework / Documentation / Evidence Capture / Map Locations
Timeline JS3,http://timeline.knightlab.com/,OSINT resource under:  / OSINT Framework / Documentation / Evidence Capture
GeoGuesser,https://geoguessr.com/,OSINT resource under:  / OSINT Framework / Training / Games
Verif!cation Quiz Bot,https://twitter.com/quiztime,OSINT resource under:  / OSINT Framework / Training / Games
Forensic OSINT KB Guides,https://www.forensicosint.com/osint-guide,OSINT resource under:  / OSINT Framework / Training
Open Source Intelligence Techniques,https://inteltechniques.com/,OSINT resource under:  / OSINT Framework / Training
Plessas,https://plessas.net/online-training,OSINT resource under:  / OSINT Framework / Training
SANS SEC487 OSINT Class,https://www.sans.org/sec487,OSINT resource under:  / OSINT Framework / Training
Smart Questions,http://www.catb.org/esr/faqs/smart-questions.html,OSINT resource under:  / OSINT Framework / Training
